Target,Teff,logg,M_H,a__linear__kurucz__MIRCX,a__linear__kurucz__MYSTIC,a__linear__mps1__MIRCX,a__linear__mps1__MYSTIC,a__linear__mps2__MIRCX,a__linear__mps2__MYSTIC,a__linear__stagger__MIRCX,a__linear__stagger__MYSTIC,a_err__linear__kurucz__MIRCX,a_err__linear__kurucz__MYSTIC,a_err__linear__mps1__MIRCX,a_err__linear__mps1__MYSTIC,a_err__linear__mps2__MIRCX,a_err__linear__mps2__MYSTIC,a_err__linear__stagger__MIRCX,a_err__linear__stagger__MYSTIC,p1__power1__kurucz__MIRCX,p1__power1__kurucz__MYSTIC,p1__power1__mps1__MIRCX,p1__power1__mps1__MYSTIC,p1__power1__mps2__MIRCX,p1__power1__mps2__MYSTIC,p1__power1__stagger__MIRCX,p1__power1__stagger__MYSTIC,p1__power2__kurucz__MIRCX,p1__power2__kurucz__MYSTIC,p1__power2__mps1__MIRCX,p1__power2__mps1__MYSTIC,p1__power2__mps2__MIRCX,p1__power2__mps2__MYSTIC,p1__power2__stagger__MIRCX,p1__power2__stagger__MYSTIC,p1_1p__power1__kurucz__MIRCX,p1_1p__power1__kurucz__MYSTIC,p1_1p__power1__mps1__MIRCX,p1_1p__power1__mps1__MYSTIC,p1_1p__power1__mps2__MIRCX,p1_1p__power1__mps2__MYSTIC,p1_1p__power1__stagger__MIRCX,p1_1p__power1__stagger__MYSTIC,p1_err__power1__kurucz__MIRCX,p1_err__power1__kurucz__MYSTIC,p1_err__power1__mps1__MIRCX,p1_err__power1__mps1__MYSTIC,p1_err__power1__mps2__MIRCX,p1_err__power1__mps2__MYSTIC,p1_err__power1__stagger__MIRCX,p1_err__power1__stagger__MYSTIC,p1_err__power2__kurucz__MIRCX,p1_err__power2__kurucz__MYSTIC,p1_err__power2__mps1__MIRCX,p1_err__power2__mps1__MYSTIC,p1_err__power2__mps2__MIRCX,p1_err__power2__mps2__MYSTIC,p1_err__power2__stagger__MIRCX,p1_err__power2__stagger__MYSTIC,p2__power2__kurucz__MIRCX,p2__power2__kurucz__MYSTIC,p2__power2__mps1__MIRCX,p2__power2__mps1__MYSTIC,p2__power2__mps2__MIRCX,p2__power2__mps2__MYSTIC,p2__power2__stagger__MIRCX,p2__power2__stagger__MYSTIC,p2_err__power2__kurucz__MIRCX,p2_err__power2__kurucz__MYSTIC,p2_err__power2__mps1__MIRCX,p2_err__power2__mps1__MYSTIC,p2_err__power2__mps2__MIRCX,p2_err__power2__mps2__MYSTIC,p2_err__power2__stagger__MIRCX,p2_err__power2__stagger__MYSTIC,u1__quadratic__kurucz__MIRCX,u1__quadratic__kurucz__MYSTIC,u1__quadratic__mps1__MIRCX,u1__quadratic__mps1__MYSTIC,u1__quadratic__mps2__MIRCX,u1__quadratic__mps2__MYSTIC,u1__quadratic__stagger__MIRCX,u1__quadratic__stagger__MYSTIC,u1_err__quadratic__kurucz__MIRCX,u1_err__quadratic__kurucz__MYSTIC,u1_err__quadratic__mps1__MIRCX,u1_err__quadratic__mps1__MYSTIC,u1_err__quadratic__mps2__MIRCX,u1_err__quadratic__mps2__MYSTIC,u1_err__quadratic__stagger__MIRCX,u1_err__quadratic__stagger__MYSTIC,u2__quadratic__kurucz__MIRCX,u2__quadratic__kurucz__MYSTIC,u2__quadratic__mps1__MIRCX,u2__quadratic__mps1__MYSTIC,u2__quadratic__mps2__MIRCX,u2__quadratic__mps2__MYSTIC,u2__quadratic__stagger__MIRCX,u2__quadratic__stagger__MYSTIC,u2_err__quadratic__kurucz__MIRCX,u2_err__quadratic__kurucz__MYSTIC,u2_err__quadratic__mps1__MIRCX,u2_err__quadratic__mps1__MYSTIC,u2_err__quadratic__mps2__MIRCX,u2_err__quadratic__mps2__MYSTIC,u2_err__quadratic__stagger__MIRCX,u2_err__quadratic__stagger__MYSTIC
109_Her,4387.0,2.24,-0.06,0.4538248812376339,0.3770538972830876,0.47220560504441833,0.38515724446911803,0.47115312891017,0.3848755344905628,0.43465084273749766,0.3484951165725129,0.02110480459649672,0.017727173659520805,0.015793433354636482,0.013906994772570128,0.015737778816243296,0.013846217599511244,0.03090737742269614,0.02688340428960512,0.22189386028530078,0.172599673951916,0.23307348481615384,0.17706471158000894,0.2323355099208743,0.17687558341629156,0.19940166307451812,0.14855184954050785,0.736189334600419,0.6205268621268633,0.7370664270937682,0.6419516903592178,0.7347999942772919,0.6396517457506469,0.719896355114963,0.6310989781234476,0.22189386028530078,0.172599673951916,0.23307348481615384,0.17706471158000894,0.2323355099208743,0.17687558341629156,0.19940166307451812,0.14855184954050785,0.004441222551439577,0.004254980803815252,0.003645257912563003,0.003025473158293151,0.003660020183516194,0.0030476598527141266,0.005695297505592374,0.004296486059759424,0.013583110035030554,0.00871680023986023,0.009373544246139294,0.007729847565374344,0.009257597385018764,0.007451746154461512,0.010158798928767246,0.003697127315245443,0.35025014887056244,0.3421916929281845,0.3694697166232168,0.3324988522418103,0.3699843038743329,0.3339878319127767,0.32651440383676045,0.28367285632078904,0.010541660845463983,0.0077674028636259655,0.007816393082124742,0.0063666801198861865,0.0077591052699895295,0.00619868090245202,0.007609242513646071,0.0025972345763356133,0.028080219980471055,0.023185166801034662,0.02659865115475546,-0.0021154700119601078,0.027245263081457693,-0.0005458721370434905,0.024916973853214786,0.0011735472843653416,0.04857107585269265,0.042984713941965236,0.040013510009265785,0.03777510791597872,0.039939261558543035,0.03768583338965763,0.07521053318773456,0.07148141379916573,0.5025380215114377,0.41769752589751585,0.5175765468687424,0.44982079475589243,0.5156030381659775,0.44767048693356915,0.4831241005559098,0.4095327034026321,0.05640699875782873,0.04991938950256208,0.04591410678796364,0.04334561717043785,0.045828910512038044,0.04324314704096153,0.08693164352615937,0.08262143880653504
11_Lac,4310.0,1.93,-0.2,0.47129524233027587,0.38994790593272555,0.47787581961286474,0.3898176547993256,0.4768573123751193,0.3894460022966141,0.43465084273749766,0.3484951165725129,0.021752037825533345,0.01855141212749662,0.016075805380861872,0.014211747328246314,0.016009504349884553,0.014138022393828869,0.03090737742269614,0.02688340428960512,0.2340077747729006,0.18052466173266302,0.23706728932005092,0.17993303502867744,0.23634348722757223,0.17968487401851752,0.19940166307451812,0.14855184954050785,0.7601859016835343,0.6483386232931863,0.7487597686197337,0.6548184801971023,0.7461311547023044,0.651877808742368,0.719896355114963,0.6310989781234476,0.2340077747729006,0.18052466173266302,0.23706728932005092,0.17993303502867744,0.23634348722757223,0.17968487401851752,0.19940166307451812,0.14855184954050785,0.004415665048004208,0.004150028789818936,0.003572615539864066,0.0029644773773600938,0.003595596357163888,0.002993571631971575,0.005695297505592374,0.004296486059759424,0.01356653610678047,0.009261623914436879,0.009903354910657063,0.008494692796649345,0.009769180395207896,0.008227684211294847,0.010158798928767246,0.003697127315245443,0.3534689326934086,0.3366958703055212,0.3671756457022688,0.32847153038503385,0.36800851546624,0.3302913781938071,0.32651440383676045,0.28367285632078904,0.010328866688504731,0.007721605870597161,0.00805654754481222,0.006742312585273691,0.00800149827524142,0.006611109459450171,0.007609242513646071,0.0025972345763356133,0.03248279802818321,0.02028213506190435,0.024249070055689867,-0.006018927281402631,0.025181065507316025,-0.004279708234929291,0.024916973853214786,0.0011735472843653416,0.050053867205889904,0.045353591822688076,0.04070156581802118,0.03856590335604023,0.04057499753014207,0.038393335972727025,0.07521053318773456,0.07148141379916573,0.5179628952695905,0.43634394632608764,0.5268916106289758,0.4597677995941941,0.5246260827391864,0.45731600832945785,0.4831241005559098,0.4095327034026321,0.05812899999576917,0.05267043992839042,0.04670362399357956,0.044253029626120176,0.046558393065654666,0.04405500891219947,0.08693164352615937,0.08262143880653504
HD_220369,4131.0,1.24,0.11,0.4792796182453679,0.39551447588774635,0.502345322152846,0.4092540596718196,0.5022084626806806,0.4092543714709199,0.5035078516471493,0.39756327613646225,0.02120258284044402,0.018185788700299656,0.015591481389989458,0.014271394025178335,0.01570737057218334,0.014314908794245204,0.030724632899224693,0.028357051289188525,0.2394753590720935,0.18374721654550946,0.2543749120466252,0.19167649760375247,0.25429711721862475,0.19169109948591254,0.24581540960586457,0.17622916010037362,0.7499276156315265,0.6405772737837765,0.7463124880387201,0.6632134834884922,0.7497909620816291,0.6651000068869254,0.7477661749471967,0.6689081824480106,0.2394753590720935,0.18374721654550946,0.2543749120466252,0.19167649760375247,0.25429711721862475,0.19169109948591254,0.24581540960586457,0.17622916010037362,0.004875306406113761,0.004465053161930136,0.004234114802495761,0.0032811306385379393,0.004149786506593885,0.003249147653379344,0.008060164455727922,0.005401733083044914,0.011132857839842015,0.00718363705187422,0.007392959536234402,0.006503666685830288,0.007497274716633095,0.006392881621928437,0.005080952548863704,0.006571304149263503,0.3713895698149285,0.35101357036848985,0.401407198724028,0.34759969485103814,0.39803846321699127,0.3460216047621744,0.39240057038421816,0.3180330878081964,0.009216186030254966,0.0064269926607213815,0.006870244111206717,0.0055221060052649635,0.006849518708760546,0.005377675414136544,0.004761653041625849,0.005105073950052191,0.051037253148996695,0.033345442941942555,0.06081274704412665,0.01179156571749762,0.05779081034025735,0.01095651540971998,0.09397737371975923,0.032614140714421036,0.0484777968131913,0.04457806318005491,0.038648970229343986,0.038744729486115084,0.03914668863094337,0.03904227706749539,0.07317186380256371,0.07628502152766613,0.5054862447975229,0.4274949878801479,0.512844117474948,0.46165631572253585,0.5161951586074507,0.46262659925262084,0.48288427528409156,0.4303176694020445,0.05629866800636868,0.05176979548231331,0.04434834592962927,0.044458222574069464,0.0449194591962857,0.044799646792763104,0.08457525575254969,0.08817357419923098
V424_Lac,4013.0,0.32,-0.02,0.48054078618370755,0.39608919599782577,0.5099917917405846,0.4175915563576822,0.5102561590733166,0.4172543435312368,0.5035078516471493,0.39756327613646225,0.020825466088491625,0.01822996332462896,0.01576109074331287,0.014634304923278595,0.015888964214791666,0.014689202123441856,0.030724632899224693,0.028357051289188525,0.24025220917249712,0.18410060651507035,0.2600294283660004,0.19695900548843998,0.260247448275576,0.19676638027555496,0.24581540960586457,0.17622916010037362,0.7440876094515112,0.64429771937281,0.7554685137964152,0.6788861442850511,0.7594822058653699,0.6812327465746133,0.7477661749471967,0.6689081824480106,0.24025220917249712,0.18410060651507035,0.2600294283660004,0.19695900548843998,0.260247448275576,0.19676638027555496,0.24581540960586457,0.17622916010037362,0.004987049341517113,0.0043729179127962765,0.004244049824318449,0.0032496537110093464,0.004157208328969288,0.003200973338746638,0.008060164455727922,0.005401733083044914,0.007655129791721474,0.004928994089478467,0.007556702188576495,0.007213301520156327,0.007680291376990203,0.007067738019142835,0.005080952548863704,0.006571304149263503,0.3777870425814592,0.348508247804056,0.403424875348628,0.3458469810323452,0.40012809946288935,0.34350235339401364,0.39240057038421816,0.3180330878081964,0.006544684489938977,0.004340323527037745,0.006988660876401723,0.0059403099813595895,0.006980659371856666,0.005744529335428043,0.004761653041625849,0.005105073950052191,0.06288194007601422,0.03590292305196141,0.06329336068049285,0.009618233551316968,0.06032768327376562,0.008294900182399756,0.09397737371975923,0.032614140714421036,0.049381342256649724,0.046254191481706314,0.03887587172853108,0.03953654630879953,0.039401538033028156,0.0399454352589409,0.07317186380256371,0.07628502152766613,0.4929937296534893,0.4251545888877367,0.5188443093720918,0.47386474067414786,0.5225960319139095,0.4750101310925757,0.48288427528409156,0.4303176694020445,0.05734798073461059,0.053716329224226624,0.04460870642794523,0.04536680635475146,0.04521188984848953,0.045835998581157056,0.08457525575254969,0.08817357419923098
alf_CMi,6570.0,4.04,-0.04,0.2963755971177576,0.2547881697934688,0.29193173839766634,0.2477874612143628,0.2943420546592276,0.2488803531231049,0.2834176416020704,0.23648376716650946,0.01673209897233814,0.01354851300594023,0.012670845470380488,0.010426505247026475,0.012497739073307354,0.010290547842170162,0.02381615338539366,0.01924357089270772,0.1282217328856287,0.10643374275510649,0.1258198647913588,0.10329014776026113,0.1269575278090522,0.10374031961513652,0.11505749134886548,0.09229257803333192,0.5893247272226534,0.4692090451774499,0.5975946987042571,0.48106344812716845,0.58521262834947,0.4732629121434387,0.57829393592387,0.4617497469892669,0.1282217328856287,0.10643374275510649,0.1258198647913588,0.10329014776026113,0.1269575278090522,0.10374031961513652,0.11505749134886548,0.09229257803333192,0.0025175292434310905,0.002772677356003286,0.0017274373276109389,0.001843389551023585,0.0018453851711711011,0.0019174849984248698,0.002968851292168978,0.0030154078791867238,0.017100695833332513,0.01250881851303937,0.015020285787118302,0.013600320228836987,0.013193501523015376,0.012387711783067459,0.0058820517220382704,0.005198675001785577,0.2577367739813981,0.28812929543882304,0.24559887195602145,0.2647840560900098,0.25586150023336446,0.2728004109844657,0.23775519110522603,0.2533484956074252,0.010887913192683587,0.011623177950801391,0.008783638307685231,0.01092306356528112,0.008319314069494096,0.010528158691831222,0.003549150522192094,0.0042784509404999145,-0.031212230198740976,-0.014016355192575825,-0.05280516967536774,-0.04072575769434539,-0.0458688891626838,-0.03593679513717429,-0.014772058467593885,-0.005014814647332333,0.04402814272233034,0.03377216142745842,0.03805418685827914,0.029182480695551325,0.03745667539057307,0.028771528106018122,0.06898733750420996,0.055426262467272155,0.3866762297252502,0.31728992927152555,0.4004150648603908,0.3351107389879171,0.3951581160688811,0.33081771579719244,0.35160048206092487,0.28475504996183676,0.05113115865716327,0.03922058448153065,0.04366585247971576,0.03348587884319191,0.042980228579331786,0.03301432537098931,0.07973861572972302,0.06406404452933234
alf_Cas,4625.0,1.19,-0.1,0.43199204911948486,0.36018960266958316,0.45135270400968885,0.36922694284583957,0.4502669108425854,0.3687129373489658,0.43465084273749766,0.3484951165725129,0.020563099566421977,0.01699572374005037,0.015696588922163933,0.01358651657073733,0.015608925968883303,0.013508480787623628,0.03090737742269614,0.02688340428960512,0.20734248894421647,0.1626037344288681,0.21898120684081654,0.1676961594019568,0.21823714389148238,0.16737098993717084,0.19940166307451812,0.14855184954050785,0.7141593185279025,0.5943266258849741,0.7254890102711752,0.625689223500241,0.72212148854539,0.6225279206370319,0.719896355114963,0.6310989781234476,0.20734248894421647,0.1626037344288681,0.21898120684081654,0.1676961594019568,0.21823714389148238,0.16737098993717084,0.19940166307451812,0.14855184954050785,0.004255278263003323,0.004176337052776413,0.0033593267218539,0.002877960969732161,0.0033860377789452084,0.002904243354459064,0.005695297505592374,0.004296486059759424,0.014098706665727503,0.00867101770872795,0.010400154025391174,0.00820219729001286,0.010119936077233938,0.007905410485178139,0.010158798928767246,0.003697127315245443,0.33984672876770206,0.34077972757459846,0.3522661129791916,0.32402418841680675,0.3535364421292937,0.3258711903808575,0.32651440383676045,0.28367285632078904,0.010811144227328338,0.008020579994743132,0.008227632266389747,0.006683974008422865,0.008084779414576686,0.006526737974430685,0.007609242513646071,0.0025972345763356133,0.017955966552809684,0.02075292715374355,0.00973391196995188,-0.00875815822132231,0.01135770206579445,-0.00695708384136462,0.024916973853214786,0.0011735472843653416,0.04779301129946776,0.04111509186736357,0.04041328463741744,0.037077512069840377,0.04031116971914148,0.03693283791928035,0.07521053318773456,0.07148141379916573,0.48871751566774185,0.40066229060505565,0.5129442590137792,0.4390331508053532,0.509797053448021,0.43634416290895883,0.4831241005559098,0.4095327034026321,0.05550340130206662,0.04774814906044907,0.04637283637512239,0.042545144943312255,0.04625565874241876,0.04237914262909272,0.08693164352615937,0.08262143880653504
alf_Per,6193.0,1.02,0.14,0.32098945403615686,0.27453760220598566,0.3030837251103433,0.25668132503349295,0.30549763056574697,0.2580036131372345,0.2965652675386329,0.24642221675973375,0.01726085499584475,0.014092039701120591,0.013328807541968909,0.011252954724450072,0.013135802999401036,0.011071856891764764,0.02557578827466714,0.020747005826122673,0.14120246096752612,0.11620059013583753,0.13177726307243834,0.10790312220281811,0.13293084479208156,0.10844979252014741,0.1218932121498603,0.0971606873505033,0.6001938227691372,0.4877564598016028,0.6396819230304056,0.5330675771239713,0.6244043430732199,0.5208380986273753,0.6304261670977521,0.5057879512899852,0.14120246096752612,0.11620059013583753,0.13177726307243834,0.10790312220281811,0.13293084479208156,0.10844979252014741,0.1218932121498603,0.0971606873505033,0.0029791215962113905,0.0031083555206823103,0.0015564212291185268,0.0016056687243485009,0.0016866959227539798,0.0016973197124907653,0.002679928656970142,0.0027791865746623584,0.01516458654546705,0.010971616599927705,0.012481368311102692,0.013711986344253498,0.010506618553471339,0.011670193123787089,0.009655417046446964,0.008439308266873948,0.2817043213739961,0.30399655939108866,0.23532410737285078,0.2407233470672071,0.24603184751652815,0.2504209012512325,0.2243457101959265,0.23570801340567166,0.010683636339299222,0.010552746993242025,0.0064450629025254134,0.008754195437732015,0.005894135868343884,0.008034960153439089,0.0049473203127598986,0.005755276648364515,-0.020101201862303908,-0.006077299157993377,-0.05507962371582309,-0.04963006122185492,-0.048035594778490065,-0.043375689992818545,-0.02111669543496153,-0.011187427064675903,0.04376745313460438,0.03455849609482888,0.04186456358363484,0.03373200422883402,0.04103596632933914,0.033190189523288116,0.07549313776355596,0.0612908061371341,0.4026146139138669,0.33123059503992114,0.4160099987382103,0.3557834716452041,0.41063206717855016,0.3500548118132131,0.3745841378100069,0.3037518621606403,0.05082840633128023,0.04013376120061821,0.048038126657440255,0.03870629755093154,0.04708733825499516,0.03808458489201916,0.08725827730014457,0.07084260692366318
alf_Vul,3690.0,1.3,-0.38,0.4010390080651023,0.31880796786999877,0.5482162070392225,0.47268070733057344,0.5459553694361949,0.4693678838801777,0.5035078516471493,0.39756327613646225,0.019626099769016973,0.017056880528976436,0.017007599771798502,0.015592750872694844,0.0171387946749869,0.015922893374928405,0.030724632899224693,0.028357051289188525,0.18751200403561102,0.13994744068172657,0.2895802479396402,0.23338804554469697,0.28778179255637565,0.2311903889549511,0.24581540960586457,0.17622916010037362,0.6972612355044457,0.6120493413956403,0.8116621597682977,0.7248862582176723,0.8151426521935787,0.7357321212979725,0.7477661749471967,0.6689081824480106,0.18751200403561102,0.13994744068172657,0.2895802479396402,0.23338804554469697,0.28778179255637565,0.2311903889549511,0.24581540960586457,0.17622916010037362,0.003464186548403607,0.0026275712376008873,0.003983352549844028,0.004022843383182743,0.0038175598805076424,0.0037068604952961537,0.008060164455727922,0.005401733083044914,0.003960582959203273,0.004499900934909643,0.010013029792575647,0.012918162979630558,0.009674518414521452,0.01298908469297877,0.005080952548863704,0.006571304149263503,0.31373834126557876,0.2706406676596226,0.4038422900421898,0.38055870088494903,0.3980461774041352,0.36701084266860473,0.39240057038421816,0.3180330878081964,0.0027831340605272478,0.0029451853057948373,0.008632388603715095,0.01143267785322409,0.008130328016319863,0.010747020136465099,0.004761653041625849,0.005105073950052191,0.027156933025853203,-0.0023403592434907416,0.06391887723205877,0.0270334154226769,0.05924072191713155,0.016609857343620638,0.09397737371975923,0.032614140714421036,0.05664148846472769,0.050910575959985785,0.04071430053058782,0.03640668485474099,0.041751466087553535,0.03847686818584777,0.07317186380256371,0.07628502152766613,0.4413207583591542,0.37907520598592903,0.5625157696691708,0.517623398544961,0.5653235061591879,0.525882581308781,0.48288427528409156,0.4303176694020445,0.06577939862920225,0.059124029057566224,0.04671824047077868,0.04177539899584046,0.047908350326247524,0.0441508606317996,0.08457525575254969,0.08817357419923098
bet_Dra,5184.0,1.66,0.06,0.3942437979853616,0.33216065162275943,0.3947347048537323,0.32674433193339925,0.39446832939300935,0.3270656304685368,0.3730609711810847,0.3000058030068844,0.019358105701386703,0.015740296071792555,0.015034486599779299,0.012534449434233683,0.014839805611577375,0.012381078239934371,0.029912198613636858,0.02466075122304106,0.1833905341287671,0.1465744156054391,0.18316647677518702,0.143792222077918,0.18293532834146173,0.14389737456482596,0.16276420986903278,0.12324679657630914,0.6705348339826103,0.5501991912691239,0.6895941726607882,0.5763019489531095,0.6812211571420266,0.5694195204284642,0.7096122745890951,0.5947043661472445,0.1833905341287671,0.1465744156054391,0.18316647677518702,0.143792222077918,0.18293532834146173,0.14389737456482596,0.16276420986903278,0.12324679657630914,0.003943656339234533,0.003997088940529089,0.002649232666598421,0.0025218004575976016,0.002740420390579615,0.0026016134352944754,0.0035998562658747864,0.003259303662992216,0.01366554087731578,0.008047319096816526,0.011500514982252519,0.008799582888587013,0.010683623133563592,0.008209047987243432,0.004646372162128494,0.011064785694532474,0.3250211573804437,0.33869599487824203,0.3092656600511935,0.30479080776022444,0.31474955076268113,0.3108540704908152,0.26341932001172025,0.2478021183144471,0.010486824312866207,0.007971675804761876,0.007967258792078945,0.007148581880603193,0.007678003734303578,0.006936586544597268,0.0026232008038818942,0.0068625257371502735,0.00632279670772895,0.017870348390113477,-0.02274388069850454,-0.020479847465026735,-0.017633480273274715,-0.016045556877420042,-0.009109083963663554,-0.009296381250421426,0.04608187765336095,0.03811955910033457,0.04140201870072504,0.03490605164959364,0.04085219923681859,0.03441601312768888,0.08218249749622274,0.07113057473072658,0.45789195149554907,0.37098016901290487,0.484905188758728,0.4033040587882757,0.47866001502827515,0.39852678027740507,0.4506231395541449,0.3647034048951744,0.05351619735169456,0.04426934989235259,0.047507370355736274,0.04005347318893598,0.04687646950472626,0.039491172675894345,0.09499014628297399,0.08221587318225758
del_And,4347.0,2.04,0.21,0.4809660468572039,0.3965014742375994,0.4866059882391147,0.39614809704584053,0.4858739325122676,0.3959921036027315,0.43465084273749766,0.3484951165725129,0.02101568221845498,0.018074552902615046,0.015480578029850036,0.013868768516714737,0.015490198660442307,0.013866454893815128,0.03090737742269614,0.02688340428960512,0.24062638890201174,0.1843063167385398,0.243037811669225,0.18357744884493277,0.2425215643979654,0.1834826064992912,0.19940166307451812,0.14855184954050785,0.7463580453900902,0.6381624577290768,0.7346519656199163,0.6443574927821747,0.7346602189443737,0.6443662298098458,0.719896355114963,0.6310989781234476,0.24062638890201174,0.1843063167385398,0.243037811669225,0.18357744884493277,0.2425215643979654,0.1834826064992912,0.19940166307451812,0.14855184954050785,0.00501296378808241,0.0045433561255864875,0.004046124864008716,0.003239358917690746,0.004024033045193935,0.003233592456902389,0.005695297505592374,0.004296486059759424,0.010421269941043318,0.0066411292395479,0.007559747577969688,0.006153562806914467,0.007525541344973885,0.0060433213024861585,0.010158798928767246,0.003697127315245443,0.37650536720739336,0.35456637005230185,0.39055644059683325,0.34554239859531993,0.3895547779323231,0.34531474041096266,0.32651440383676045,0.28367285632078904,0.008839270471606835,0.006049420079746404,0.00685568786966115,0.0053323872819099226,0.006799025282775483,0.0052318783275725885,0.007609242513646071,0.0025972345763356133,0.05646490728763787,0.036667629666144785,0.049192318721851924,0.010293489233064945,0.04841235878339467,0.010372432347348748,0.024916973853214786,0.0011735472843653416,0.04802994372598174,0.044372449386989504,0.038890501170536995,0.03783963824310971,0.03903177006209616,0.03791424950077547,0.07521053318773456,0.07148141379916573,0.5010701995267539,0.42473858873639114,0.5080599687709106,0.4481736505815841,0.5081156144997386,0.44790077535569184,0.4831241005559098,0.4095327034026321,0.055778562967599594,0.051531009055334386,0.044625492609184185,0.043419654431879944,0.044787594860969566,0.04350527453142783,0.08693164352615937,0.08262143880653504
del_Boo,4880.0,2.48,-0.36,0.4030405844443661,0.3387957500477379,0.412748360914755,0.3395430628482027,0.4124059339354602,0.33976570202845124,0.3945871269552763,0.3216007876475274,0.02011009159408979,0.01648030834796181,0.01548529136177252,0.013057907132027953,0.015313033412789964,0.012907155201593652,0.02858919636417416,0.023682499309738144,0.18899040766646252,0.1504763410289878,0.1942591304783855,0.15091040241149034,0.19398768906081876,0.1509680563198707,0.17462610135562828,0.1336224214691321,0.6945989856958085,0.5724279333685782,0.7096717724634072,0.599700158062164,0.7025916918760883,0.5929629292463151,0.6651966270994762,0.5532079243060836,0.18899040766646252,0.1504763410289878,0.1942591304783855,0.15091040241149034,0.19398768906081876,0.1509680563198707,0.17462610135562828,0.1336224214691321,0.003803688161287172,0.0038715541072930878,0.002762724538093825,0.0025490136815735404,0.0028413048115221175,0.002625138820753607,0.005457209613376173,0.004833412894773797,0.0157904426897103,0.010520207522797129,0.011949220565094364,0.009742241101406023,0.011209611188013424,0.009117105412500836,0.009089311087033283,0.004549468048796834,0.3184812044198498,0.32835751278915704,0.31689211564000286,0.3041718074916521,0.3214028311609248,0.30972446549577687,0.31735395936816063,0.3072558327889326,0.011372268089147682,0.009592156493596817,0.008321507320444342,0.0075840880214951565,0.008042688272512356,0.007360597087183297,0.007079332290392934,0.004072490989691225,0.0001951784109485155,0.00928400637658966,-0.0183162186595065,-0.022424462571152864,-0.013820428025782166,-0.018109012217603304,0.01719517801803938,0.012165499850157024,0.04795388663905929,0.039657810507873044,0.04213826172465526,0.0362511064437615,0.04169003353374887,0.03579252240926069,0.07069899640221143,0.060726101007846305,0.47550832650599184,0.38894716793652206,0.5006854405956678,0.42042858504819963,0.49506581060969174,0.4156747460242529,0.4449891963610595,0.36486034243161436,0.05569098107515387,0.04605576304113945,0.04835218170338544,0.04159688001273594,0.04783784294246371,0.041070670278138516,0.08171699420476393,0.07018989033720041
eps_Gem,4315.0,0.76,0.11,0.4792796182453679,0.39551447588774635,0.4849175328658418,0.39477689533330257,0.48392700909189545,0.39460213405651656,0.5035078516471493,0.39756327613646225,0.02120258284044402,0.018185788700299656,0.015642327725791275,0.013969630140275484,0.015642514408969025,0.0139411215695247,0.030724632899224693,0.028357051289188525,0.2394753590720935,0.18374721654550946,0.24188583571204475,0.182794316540653,0.2411870566351116,0.18267866779010905,0.24581540960586457,0.17622916010037362,0.7499276156315265,0.6405772737837765,0.7385191349169463,0.6473603715865965,0.7381656491049053,0.6464478041680232,0.7477661749471967,0.6689081824480106,0.2394753590720935,0.18374721654550946,0.24188583571204475,0.182794316540653,0.2411870566351116,0.18267866779010905,0.24581540960586457,0.17622916010037362,0.004875306406113761,0.004465053161930136,0.0039282639758642995,0.0031681662772051295,0.0039065203124036526,0.003174169989485143,0.008060164455727922,0.005401733083044914,0.011132857839842015,0.00718363705187422,0.00816200470929205,0.0068063890432776926,0.008093348336474543,0.006569584132487573,0.005080952548863704,0.006571304149263503,0.3713895698149285,0.35101357036848985,0.3848659811654,0.34112408517873266,0.38385365999260473,0.3416425440980075,0.39240057038421816,0.3180330878081964,0.009216186030254966,0.0064269926607213815,0.0072070028557431895,0.00576443461970628,0.007122419657715423,0.00558375813084109,0.004761653041625849,0.005105073950052191,0.051037253148996695,0.033345442941942555,0.04292414598462535,0.0058085509476130115,0.042238111477315154,0.006718606795631521,0.09397737371975923,0.032614140714421036,0.0484777968131913,0.04457806318005491,0.039291938292573866,0.03796840737270498,0.03945431048982664,0.03802952339375918,0.07317186380256371,0.07628502152766613,0.5054862447975229,0.4274949878801479,0.5133793526987571,0.4517902813968605,0.513025683905444,0.45053025783284784,0.48288427528409156,0.4303176694020445,0.05629866800636868,0.05176979548231331,0.04508612886120986,0.04356742708599671,0.04527244478412344,0.04363756128486201,0.08457525575254969,0.08817357419923098
eps_Leo,5576.0,2.34,-0.09,0.3670712065885975,0.3107715541332535,0.350368557349368,0.2932046963721252,0.35203160631948305,0.29403901517043257,0.34463420088823093,0.2855929565436036,0.018856748987851966,0.015334462654115368,0.014155810168157404,0.01183646037502975,0.013952915699790918,0.011673389991357171,0.027227973756087227,0.022209671332815154,0.16722682489427732,0.13504682444257496,0.15730780965687197,0.12608391955680048,0.15814681903806393,0.12643184404727364,0.1466318450072386,0.11554511428119092,0.6521418685578344,0.5317623866411445,0.6561184267953766,0.5463257000077346,0.6452727568101948,0.5379946979974505,0.6371673513023485,0.5201739931944966,0.16722682489427732,0.13504682444257496,0.15730780965687197,0.12608391955680048,0.15814681903806393,0.12643184404727364,0.1466318450072386,0.11554511428119092,0.003484909046537154,0.0036116738996206867,0.0021634538963449016,0.0021377935284820227,0.0022932038747556075,0.0022249232939444015,0.0040890793845006,0.0039676122899949045,0.015100839269551006,0.010357826093137285,0.010864658765972321,0.010378568752689662,0.009674099794537316,0.009382489948146113,0.009741987329327968,0.0053524612104785775,0.3040181836282381,0.3219715737290048,0.2788260635223728,0.2809168527831464,0.28772018124002396,0.28853234125192795,0.2750298005552899,0.28126115657109546,0.010863888454619117,0.009892440708733546,0.0068608301045041484,0.007951530157495407,0.0064835355474849666,0.0075710854724667384,0.006496667087687254,0.00450868126823775,-0.008362176309443692,0.004424344720887707,-0.03663747993302021,-0.032398596867126095,-0.02990144651035538,-0.02721247769656676,-0.00851581735778173,-0.0015708164065484365,0.046277483415709,0.037045532364403354,0.041716613702697504,0.03400106246747905,0.0409132828999341,0.03347277944388798,0.07152051004873204,0.05891209230813098,0.44315187598539296,0.36160434411113185,0.4495110451697602,0.3781911985220804,0.44361872783871703,0.37313654046605005,0.41640511712439754,0.3385996305182043,0.053743367613882105,0.04302202779672025,0.0478683668335586,0.03901503341372151,0.04694656608388877,0.03840884252374211,0.08266655233439012,0.06809326895817755
eps_Tau,4921.0,2.47,0.14,0.41524190227454916,0.34820909548144596,0.4289355519661252,0.35174259771620153,0.4280493749210956,0.3515743319741561,0.3945871269552763,0.3216007876475274,0.019830985714201575,0.016307127821933446,0.015295244343826203,0.013035147664850413,0.015181960596865806,0.012907240537608718,0.02858919636417416,0.023682499309738144,0.19645481498091438,0.15560379688976966,0.20432296257380214,0.15761061004652716,0.20372330907879246,0.15746437844622507,0.17462610135562828,0.1336224214691321,0.6892514574729963,0.5716284322644605,0.7046661322790458,0.6007562278993138,0.7002036204742814,0.5954476659161864,0.6651966270994762,0.5532079243060836,0.19645481498091438,0.15560379688976966,0.20432296257380214,0.15761061004652716,0.20372330907879246,0.15746437844622507,0.17462610135562828,0.1336224214691321,0.004222080682997598,0.0041660979382381605,0.003163520436400785,0.002782521401049148,0.00320830121897761,0.002841771941602542,0.005457209613376173,0.004833412894773797,0.012997464034231722,0.007590772655445577,0.010123068444034662,0.007506337621932457,0.009797352870668167,0.007080848986714202,0.009089311087033283,0.004549468048796834,0.33765913736205333,0.34353813160493896,0.34019816601130975,0.32010166877205337,0.34251353574404086,0.3242798225537721,0.31735395936816063,0.3072558327889326,0.010234118954652089,0.007383171696457435,0.00784585385236362,0.0062629711635553195,0.007715752894839683,0.006069987574294025,0.007079332290392934,0.004072490989691225,0.01670065264492572,0.022821655978431433,0.0003560548511397643,-0.010124080936258828,0.0027198303265321133,-0.006718745402035875,0.01719517801803938,0.012165499850157024,0.04653856808770198,0.03961752672872793,0.04025855391016025,0.03594038020958415,0.039997058631649984,0.03559843906548011,0.07069899640221143,0.060726101007846305,0.47042781435275416,0.38407894261175796,0.49779899591640464,0.4203114532053147,0.49402415236145336,0.41616068435830034,0.4449891963610595,0.36486034243161436,0.054046587355382,0.04600898173503334,0.04619539756202136,0.041240340847761674,0.045895209360852035,0.04084797604850875,0.08171699420476393,0.07018989033720041
eta_Boo,5901.0,3.78,0.25,0.335280431732512,0.2866314722261777,0.3415882654302441,0.2882688490577828,0.3431664100178469,0.2888525171781374,0.3194110608807379,0.26518866550389086,0.017963354309146445,0.01460227461784741,0.013970196550975903,0.011533995301870032,0.013768950720542268,0.011388737758862972,0.02520018243314242,0.020509376285812318,0.14914371405162935,0.12241193085889314,0.15240776487542418,0.12346173984407276,0.15318585047252967,0.12368844030162678,0.13301810438283893,0.10548983930067138,0.6244032585413981,0.5060757098100783,0.6460212597711775,0.530088801141707,0.635342971521859,0.5230638415416238,0.5903055008901521,0.48004019798090747,0.14914371405162935,0.12241193085889314,0.15240776487542418,0.12346173984407276,0.15318585047252967,0.12368844030162678,0.13301810438283893,0.10548983930067138,0.0030321088048839754,0.0032217076843686454,0.002135763957455509,0.002195916082558917,0.002253558405845583,0.0022677764624704634,0.004029754579930146,0.0038494735151808606,0.015423830906837568,0.010533622428786634,0.012969863995781804,0.0106304322192147,0.01149962237844454,0.009721134616969999,0.008354249247716371,0.0051061278593719775,0.2833699180202464,0.3068635883555064,0.2748953029239656,0.28644432602715597,0.28355615711543114,0.2930240301448675,0.2751681453198161,0.2839117569316741,0.010528469211085387,0.009891563305804265,0.008159377175915219,0.008619811816607956,0.007673155211893427,0.008241105589210644,0.006017622905323539,0.004721298546482248,-0.020002593440930694,-0.004060217889950479,-0.042609940691393344,-0.03134844755148958,-0.035562479735669505,-0.026680829950697094,-0.006639590082558877,1.9654760390341863e-05,0.045381815228112535,0.03585643882506346,0.040175363918555376,0.03207020505256553,0.0395675672601099,0.03169355204255324,0.06670462618050525,0.05438593829725067,0.41936692618602245,0.34312498004160463,0.44624972294789167,0.3712384112649235,0.43989706096571857,0.3664948559696162,0.384451804952486,0.312665246643377,0.05270321564864122,0.04164111082735757,0.046099827323363596,0.03679944043987726,0.04540240114599491,0.03636724374521977,0.07710016312799889,0.06286544140910375
eta_Cyg,4770.0,2.64,0.02,0.4331307974621981,0.36312808947998554,0.4346770214621085,0.3562520019919005,0.433635866752877,0.3558258644833129,0.3945871269552763,0.3216007876475274,0.020385214101469467,0.016997419839925768,0.015457118617736958,0.013209432356630553,0.01534874344897638,0.013101228246267126,0.02858919636417416,0.023682499309738144,0.20802434372929313,0.16427841552580294,0.20804202633163948,0.16019820738578175,0.20733944108217012,0.1599154657425948,0.17462610135562828,0.1336224214691321,0.7099162464965928,0.5954612017414088,0.7119369108057568,0.6082994544119477,0.7077194724652323,0.6037500228104867,0.6651966270994762,0.5532079243060836,0.20802434372929313,0.16427841552580294,0.20804202633163948,0.16019820738578175,0.20733944108217012,0.1599154657425948,0.17462610135562828,0.1336224214691321,0.0043605729459998575,0.004251290072103392,0.0031901060397770413,0.002797934902277775,0.003227342275638542,0.0028426999336399424,0.005457209613376173,0.004833412894773797,0.01312335825193842,0.008241499154955095,0.010511221431679825,0.007950399404193426,0.010155856261315164,0.007618383710401054,0.009089311087033283,0.004549468048796834,0.3445017915519104,0.3441562591146152,0.3418454513048137,0.32024029675693366,0.34377003815152407,0.3233746722372387,0.31735395936816063,0.3072558327889326,0.010318629900088585,0.007714812392362322,0.008118955831364651,0.006555182070790442,0.00795443462093208,0.006415753270325669,0.007079332290392934,0.004072490989691225,0.02278013524575177,0.02365190804559192,0.0010974340138641958,-0.010751846212755156,0.0032887748027808916,-0.008151422273288356,0.01719517801803938,0.012165499850157024,0.04744137744837421,0.0411160054658321,0.04045258258359353,0.03628041864768151,0.040265233406856844,0.03599281031241745,0.07069899640221143,0.060726101007846305,0.48436734014807853,0.4007089374573979,0.5036066464856563,0.4262783179573716,0.4998520780512934,0.42276294174769946,0.4449891963610595,0.36486034243161436,0.05509503801898862,0.04774920823921652,0.04641790427757473,0.041630507522328886,0.04620295490248505,0.041300499958423664,0.08171699420476393,0.07018989033720041
eta_Her,4994.0,2.53,-0.22,0.40657537647507247,0.3414884616018929,0.40762639561989933,0.33584385834547603,0.40755220831495287,0.33643941918553216,0.3945871269552763,0.3216007876475274,0.020027662295698925,0.016422402226863107,0.015307183870426707,0.012845035105182097,0.015139624286557282,0.012690522999268039,0.02858919636417416,0.023682499309738144,0.19113435538103343,0.15193075533371816,0.19105351192460351,0.14881253895772267,0.19094909063344045,0.14906930343959335,0.17462610135562828,0.1336224214691321,0.6926286049928089,0.5716804606050568,0.7016714082912098,0.5901287468716621,0.6945270869517316,0.583165527101516,0.6651966270994762,0.5532079243060836,0.19113435538103343,0.15193075533371816,0.19105351192460351,0.14881253895772267,0.19094909063344045,0.14906930343959335,0.17462610135562828,0.1336224214691321,0.003928965889418012,0.003963861323899936,0.0027609762726838686,0.0025715250341113143,0.002849269348755573,0.0026609717199743083,0.005457209613376173,0.004833412894773797,0.01500226084097889,0.009747413906603868,0.011691652839233072,0.009227330740635345,0.011130432215119083,0.008688492362450574,0.009089311087033283,0.004549468048796834,0.3242249909710433,0.33311774350897133,0.316330671237303,0.3065368474186817,0.3212585939349361,0.31295923511334944,0.31735395936816063,0.3072558327889326,0.011107292252545933,0.009079591909401104,0.00821467255173627,0.0073785987352436525,0.008073571782923436,0.007236315486427184,0.007079332290392934,0.004072490989691225,0.00489601264602646,0.013119319072845248,-0.018410727470876465,-0.020331058735209906,-0.014062669579606224,-0.01576541224456096,0.01719517801803938,0.012165499850157024,0.04747748333522461,0.03950978402409337,0.04168664304763273,0.03560973684332708,0.04111529232188707,0.03503459358820385,0.07069899640221143,0.060726101007846305,0.4741319649720501,0.3875984710286635,0.4948460096478724,0.41370042308415156,0.4897095288764829,0.4090891245653172,0.4449891963610595,0.36486034243161436,0.05513698582400188,0.04588385428759792,0.04783396401963306,0.04086092720403515,0.047178372766630804,0.04020097630620649,0.08171699420476393,0.07018989033720041
eta_Ser,4948.0,3.18,-0.19,0.40657537647507247,0.3414884616018929,0.4137460086152174,0.3408497301461542,0.4134925494701348,0.34111639810846106,0.39724950234530404,0.3255834288037235,0.020027662295698925,0.016422402226863107,0.015379030074535009,0.012925384216693541,0.015219795411559048,0.012781660467841944,0.028425049069808188,0.02358041626565272,0.19113435538103343,0.15193075533371816,0.19483975839791493,0.15156657818739203,0.19462776985115368,0.15165159303557926,0.17614033634901927,0.1356071941479186,0.6926286049928089,0.5716804606050568,0.704595239666948,0.5935771065492723,0.6981152263124141,0.5873096803030609,0.6590209813181006,0.5485180563908593,0.19113435538103343,0.15193075533371816,0.19483975839791493,0.15156657818739203,0.19462776985115368,0.15165159303557926,0.17614033634901927,0.1356071941479186,0.003928965889418012,0.003963861323899936,0.002856019123494466,0.002643321252288112,0.002932605958926846,0.00271924912542161,0.005814296908440998,0.005162230543028623,0.01500226084097889,0.009747413906603868,0.011896793966918513,0.009194556542987842,0.011284042453483575,0.008679225184347421,0.012739146376709396,0.007705169409888136,0.3242249909710433,0.33311774350897133,0.3216170423229959,0.31074438568801893,0.3259375124348507,0.3161997951930059,0.32574257904263704,0.31768510751452916,0.011107292252545933,0.009079591909401104,0.0085193778358393,0.007449426370434621,0.008309828121026767,0.007281455183753819,0.010388746763759343,0.007288567813979032,0.00489601264602646,0.013119319072845248,-0.015527486462961898,-0.018212164638331085,-0.011366687125720976,-0.014113776423520408,0.018378331078111043,0.014057538353169252,0.04747748333522461,0.03950978402409337,0.041288608413293695,0.03552388807677371,0.040846339341208,0.0350530141036702,0.06770112006256342,0.05813710723150769,0.4741319649720501,0.3875984710286635,0.49860508377637186,0.4170536654382455,0.49347787861055614,0.4126030927854516,0.446733370938617,0.367325420199651,0.05513698582400188,0.04588385428759792,0.0473772372503546,0.04076242697380764,0.04686975105656753,0.04022209693903927,0.07825193994390717,0.06719743102637167
gam_Cep,4684.0,3.2,0.15,0.43761468940144854,0.3642160839362265,0.45019038943301437,0.3687493687929292,0.44927766331251084,0.3684525298249175,0.4548599591146343,0.37064509487192737,0.020340501515361892,0.016886328973038607,0.015386679717612057,0.013316264946282968,0.015306536215178065,0.013232861811875156,0.029557623547543294,0.025823363887262394,0.21092659110881623,0.16485831720238556,0.21811886513061268,0.16731468031792904,0.21749261893083452,0.16711158895560377,0.21207170008713022,0.16024327952061784,0.7104272483421613,0.5934489599230286,0.7144830422496876,0.615186135674367,0.7113789907768319,0.6119661516168302,0.6997847119928442,0.6043248347914387,0.21092659110881623,0.16485831720238556,0.21811886513061268,0.16731468031792904,0.21749261893083452,0.16711158895560377,0.21207170008713022,0.16024327952061784,0.0044781971129224316,0.004313234527375843,0.0035044527501626173,0.0029933755668683473,0.0035340265207900613,0.0030267386690759008,0.00741794725612487,0.005943589680884412,0.01238410738384739,0.007218147625526963,0.009363126126995027,0.007042390507678116,0.009183177971259249,0.006718072778704714,0.010479352043645031,0.006650985990987338,0.3498079472409149,0.34765188717522566,0.3595613146879834,0.33199474097650145,0.3609203453850436,0.33431113453067435,0.3692190452924422,0.3349126481913993,0.009941997604590564,0.006876847532507501,0.007745338896240504,0.006039896237382164,0.007671090661617888,0.0058492006326595165,0.009614576401556224,0.006150845314505887,0.027930386594000045,0.02753893515952277,0.01704553447312296,-0.0017251588079929547,0.01846087114056072,0.00044141843181921825,0.056881686125347275,0.02895132824578006,0.04719787083507856,0.041175651457287465,0.0394903286444235,0.03633616907808566,0.03932141031314049,0.03617667137985546,0.06739978951645934,0.06329209945504426,0.4835807883815172,0.397405026497863,0.5031017018772842,0.4303095508519825,0.5003976401925885,0.4274482686096571,0.46926287554077684,0.4028968743246166,0.05481225454825291,0.047818476038658304,0.04531377198611782,0.04169444716998764,0.04511995010710637,0.04151127559864564,0.07790364262216579,0.07315577844686039
gam_Tau,5124.0,2.63,0.12,0.41524190227454916,0.34820909548144596,0.40711573036917514,0.3356734404771006,0.40635557599255817,0.33577989420523424,0.3945871269552763,0.3216007876475274,0.019830985714201575,0.016307127821933446,0.01515006852217483,0.012686763038479598,0.014996597695932548,0.012550951880295862,0.02858919636417416,0.023682499309738144,0.19645481498091438,0.15560379688976966,0.1906859304283077,0.14865302186902055,0.19016744595066926,0.14865290236843007,0.17462610135562828,0.1336224214691321,0.6892514574729963,0.5716284322644605,0.6949545374907536,0.5836902096412269,0.688561700688808,0.5777497155363144,0.6651966270994762,0.5532079243060836,0.19645481498091438,0.15560379688976966,0.1906859304283077,0.14865302186902055,0.19016744595066926,0.14865290236843007,0.17462610135562828,0.1336224214691321,0.004222080682997598,0.0041660979382381605,0.0028327837933383197,0.002629716889884682,0.0028975337856776994,0.0026986757608584433,0.005457209613376173,0.004833412894773797,0.012997464034231722,0.007590772655445577,0.0111056936829799,0.008199844336891707,0.010580484196925026,0.007754173528440897,0.009089311087033283,0.004549468048796834,0.33765913736205333,0.34353813160493896,0.32042379937305365,0.31143083955967865,0.32409166679242807,0.316491146518017,0.31735395936816063,0.3072558327889326,0.010234118954652089,0.007383171696457435,0.008021382747852603,0.006776848386229869,0.007837093029910223,0.006621558154297689,0.007079332290392934,0.004072490989691225,0.01670065264492572,0.022821655978431433,-0.015225619842001992,-0.01616045179584713,-0.011693325197083215,-0.012417535921395828,0.01719517801803938,0.012165499850157024,0.04653856808770198,0.03961752672872793,0.040934921527814735,0.035148803404001984,0.04052702216525266,0.03471186455510111,0.07069899640221143,0.060726101007846305,0.47042781435275416,0.38407894261175796,0.49055333300192916,0.40865827998345117,0.4855676163162427,0.4044344914354002,0.4449891963610595,0.36486034243161436,0.054046587355382,0.04600898173503334,0.04697140079496188,0.040332030728510666,0.046503349925107164,0.039830651702109206,0.08171699420476393,0.07018989033720041
iot_Cep,4779.0,2.61,0.01,0.4331307974621981,0.36312808947998554,0.4346770214621085,0.3562520019919005,0.433635866752877,0.3558258644833129,0.3945871269552763,0.3216007876475274,0.020385214101469467,0.016997419839925768,0.015457118617736958,0.013209432356630553,0.01534874344897638,0.013101228246267126,0.02858919636417416,0.023682499309738144,0.20802434372929313,0.16427841552580294,0.20804202633163948,0.16019820738578175,0.20733944108217012,0.1599154657425948,0.17462610135562828,0.1336224214691321,0.7099162464965928,0.5954612017414088,0.7119369108057568,0.6082994544119477,0.7077194724652323,0.6037500228104867,0.6651966270994762,0.5532079243060836,0.20802434372929313,0.16427841552580294,0.20804202633163948,0.16019820738578175,0.20733944108217012,0.1599154657425948,0.17462610135562828,0.1336224214691321,0.0043605729459998575,0.004251290072103392,0.0031901060397770413,0.002797934902277775,0.003227342275638542,0.0028426999336399424,0.005457209613376173,0.004833412894773797,0.01312335825193842,0.008241499154955095,0.010511221431679825,0.007950399404193426,0.010155856261315164,0.007618383710401054,0.009089311087033283,0.004549468048796834,0.3445017915519104,0.3441562591146152,0.3418454513048137,0.32024029675693366,0.34377003815152407,0.3233746722372387,0.31735395936816063,0.3072558327889326,0.010318629900088585,0.007714812392362322,0.008118955831364651,0.006555182070790442,0.00795443462093208,0.006415753270325669,0.007079332290392934,0.004072490989691225,0.02278013524575177,0.02365190804559192,0.0010974340138641958,-0.010751846212755156,0.0032887748027808916,-0.008151422273288356,0.01719517801803938,0.012165499850157024,0.04744137744837421,0.0411160054658321,0.04045258258359353,0.03628041864768151,0.040265233406856844,0.03599281031241745,0.07069899640221143,0.060726101007846305,0.48436734014807853,0.4007089374573979,0.5036066464856563,0.4262783179573716,0.4998520780512934,0.42276294174769946,0.4449891963610595,0.36486034243161436,0.05509503801898862,0.04774920823921652,0.04641790427757473,0.041630507522328886,0.04620295490248505,0.041300499958423664,0.08171699420476393,0.07018989033720041
iot_Gem,4779.0,2.4,-0.1,0.43199204911948486,0.36018960266958316,0.4313536398824351,0.3536061443212871,0.43068857058869997,0.3536520193220162,0.3945871269552763,0.3216007876475274,0.020563099566421977,0.01699572374005037,0.015521014038053558,0.013236778087920587,0.015403086853664004,0.013110412838497515,0.02858919636417416,0.023682499309738144,0.20734248894421647,0.1626037344288681,0.20593707654664647,0.1587314391213505,0.20547487049904525,0.15870512321748145,0.17462610135562828,0.1336224214691321,0.7141593185279025,0.5943266258849741,0.7135226964651724,0.608846579709103,0.7088816606203182,0.6035196628059402,0.6651966270994762,0.5532079243060836,0.20734248894421647,0.1626037344288681,0.20593707654664647,0.1587314391213505,0.20547487049904525,0.15870512321748145,0.17462610135562828,0.1336224214691321,0.004255278263003323,0.004176337052776413,0.0030960958788846904,0.002737305550628104,0.0031475846411677597,0.0028002840550686893,0.005457209613376173,0.004833412894773797,0.014098706665727503,0.00867101770872795,0.010955066024692237,0.008504750786892782,0.010596545544917142,0.008055318869094974,0.009089311087033283,0.004549468048796834,0.33984672876770206,0.34077972757459846,0.3365399428384531,0.31616170982441927,0.33919299519302887,0.32052357771406476,0.31735395936816063,0.3072558327889326,0.010811144227328338,0.008020579994743132,0.008257834559683997,0.006881502660738697,0.0081298054663756,0.006702587214821981,0.007079332290392934,0.004072490989691225,0.017955966552809684,0.02075292715374355,-0.0034654701746292815,-0.01409175069098878,-0.0008026295087886215,-0.010588768309684582,0.01719517801803938,0.012165499850157024,0.04779301129946776,0.04111509186736357,0.04089485257407872,0.03638648975111752,0.04059618655037577,0.036014122483420286,0.07069899640221143,0.060726101007846305,0.48871751566774185,0.40066229060505565,0.5050463657321353,0.42708446284751955,0.5011809666211562,0.4230690013505197,0.4449891963610595,0.36486034243161436,0.05550340130206662,0.04774814906044907,0.04692544962585524,0.04175223003869395,0.04658272309279154,0.04132495091142324,0.08171699420476393,0.07018989033720041
ksi_Dra,4504.0,2.31,-0.01,0.45424224938706503,0.380029631687664,0.4640712311094348,0.37890857219467,0.46273346749553224,0.37836741850847344,0.445089025740698,0.36018543262020475,0.020840598894706176,0.01764668358630744,0.015664385617458143,0.013705887978731145,0.015606458055258624,0.01365495396997862,0.029682833646812616,0.025844105747482818,0.22210193988574753,0.17431749301091617,0.2274853254545138,0.173330710976678,0.22656348507316407,0.17299591865434144,0.20573647905583925,0.15450377209011276,0.7296700110906472,0.6193161242730254,0.7293333189905619,0.6326709940634289,0.7269393253728853,0.630697504516179,0.6994825566465064,0.6050788307205966,0.22210193988574753,0.17431749301091617,0.2274853254545138,0.173330710976678,0.22656348507316407,0.17299591865434144,0.20573647905583925,0.15450377209011276,0.004581829294224323,0.004375228562699485,0.0035865888336891944,0.0030038237478245355,0.003593998745871184,0.003015271759591374,0.0068537560846956315,0.005380789118473187,0.012500816047858042,0.008185693840137903,0.009453034370117108,0.0075609271352399315,0.009286800917045583,0.007326485026879163,0.008961236939634963,0.004566364513046963,0.3558156973670509,0.3475814923777086,0.3653529551961678,0.3315629411123938,0.3655896517959067,0.33243969300681825,0.3560500336417507,0.3190093670149431,0.010008752470544016,0.007470768628593028,0.007838547893721322,0.006293828377815765,0.007733284815363481,0.006140597496350054,0.007809443940063247,0.003938598882051985,0.0338970180103666,0.027618436287188075,0.022457849953675446,-0.0026400965388289066,0.023025177832371013,-0.0015363537253725301,0.04826169677071901,0.02189965012205588,0.04800505588684869,0.04270485028166841,0.03986891265686281,0.037287795100625395,0.039861497476380875,0.037257305166071376,0.06982282139822192,0.06586492064375565,0.496164672426464,0.41597708948899814,0.5129379736083183,0.4431722583979315,0.5107251883951769,0.4412616955241938,0.4679057783405486,0.39887845403129996,0.0557496590377965,0.049594379591598854,0.045748187757886326,0.04278644046700924,0.045739674144604586,0.04275143556115801,0.08070428671846168,0.076129562640214
lam_Her,4070.0,1.89,-0.04,0.48054078618370755,0.39608919599782577,0.5008404122697336,0.4086042464895586,0.5000711401888155,0.4079059388877242,0.49214936542182347,0.39489251165422745,0.020825466088491625,0.01822996332462896,0.01588309997202788,0.014490652399764213,0.01595721886025453,0.014488375396667951,0.03002358722256912,0.02782449976568318,0.24025220917249712,0.18410060651507035,0.25334033064931977,0.1913567104892764,0.25279627701508367,0.1909274931402489,0.2375923103956618,0.17455641948069717,0.7440876094515112,0.64429771937281,0.7540172737892501,0.6709360552922967,0.7559438972906002,0.670894778112853,0.7287492609883552,0.6543843425861378,0.24025220917249712,0.18410060651507035,0.25334033064931977,0.1913567104892764,0.25279627701508367,0.1909274931402489,0.2375923103956618,0.17455641948069717,0.004987049341517113,0.0043729179127962765,0.004028826966310032,0.0031563709017935456,0.0039661821872147935,0.0031376664873582847,0.008305924024358029,0.005681939384754207,0.007655129791721474,0.004928994089478467,0.008131189214019854,0.007353421246880463,0.008250536784262552,0.007211474956654662,0.006493164326127647,0.0026620027458068188,0.3777870425814592,0.348508247804056,0.3924345610550415,0.3404056284389802,0.38972840418001276,0.3395137001717922,0.39454948905934256,0.32603177609739664,0.006544684489938977,0.004340323527037745,0.007235079977832936,0.0059909203668264905,0.007248831532612332,0.005853815413801435,0.006293325396829442,0.002188975087593188,0.06288194007601422,0.03590292305196141,0.051339612312181315,0.0049568800145165515,0.04876022521813517,0.004660083452753594,0.08880668434719785,0.03268484412591832,0.049381342256649724,0.046254191481706314,0.039525829848281006,0.03930245720660734,0.03986221810102661,0.03945768595628277,0.06915665564750931,0.07223260143134218,0.4929937296534893,0.4251545888877367,0.5220992830268543,0.46884009787179926,0.5242017448275288,0.4683737373086544,0.47558814339187216,0.42708514971511213,0.05734798073461059,0.053716329224226624,0.04535451064981516,0.045098208274971595,0.045740503546698986,0.04527632963528079,0.07993429917344158,0.08348962140987083
mu._Leo,4433.0,2.5,0.25,0.4615486367746412,0.3823881829136687,0.4788256013074641,0.3899507455813933,0.4777756639607511,0.3898265217510656,0.445089025740698,0.36018543262020475,0.020689429715924957,0.017515669150423865,0.015367334439699917,0.013702984452054869,0.015369037318436337,0.013679074750710616,0.029682833646812616,0.025844105747482818,0.22701797939438656,0.1756595080462892,0.2375424575004738,0.17981755599809768,0.23681203940376716,0.17973441177764507,0.20573647905583925,0.15450377209011276,0.7293501354184926,0.6177004912010712,0.7273550360519331,0.6363121812931302,0.72681148767579,0.6355463977513834,0.6994825566465064,0.6050788307205966,0.22701797939438656,0.1756595080462892,0.2375424575004738,0.17981755599809768,0.23681203940376716,0.17973441177764507,0.20573647905583925,0.15450377209011276,0.004799375864713035,0.00446756505756129,0.0039806382433455675,0.0032038901472096603,0.003964698035514942,0.0032097452049896415,0.0068537560846956315,0.005380789118473187,0.011026459778853578,0.006623953729723586,0.007470107673199927,0.006100755527005633,0.007563490719363945,0.00591450850470338,0.008961236939634963,0.004566364513046963,0.36540880352090527,0.35248579285256754,0.3865302591626233,0.3437824110127674,0.38559253955385336,0.34426273821302217,0.3560500336417507,0.3190093670149431,0.009171367375160586,0.006182149219206326,0.0067396160805572045,0.005314788758745521,0.006804823728249755,0.005168997705236961,0.007809443940063247,0.003938598882051985,0.044210482837317766,0.03363540589438152,0.04518642218021385,0.008816749884182462,0.04405489211663394,0.009554595850211789,0.04826169677071901,0.02189965012205588,0.04763154598260541,0.04297504601709547,0.03890571099774348,0.03743862193524635,0.03889259743813967,0.037466607350324574,0.06982282139822192,0.06586492064375565,0.49261519655363384,0.41165878017502155,0.5036758680885789,0.44269061693445233,0.5037706357858069,0.44168931083054075,0.4679057783405486,0.39887845403129996,0.05531589546588066,0.049908166182256325,0.04464294592965384,0.04295951728547149,0.04462789849509969,0.04299161699646345,0.08070428671846168,0.076129562640214
phi02_Ori,4823.0,2.61,-0.54,0.41778929539524395,0.35059062050539497,0.4156470168032622,0.34183635581777405,0.41490783948732357,0.3414348373019588,0.3945871269552763,0.3216007876475274,0.020976317441681117,0.01731194909600912,0.015732092800644353,0.01331772287026117,0.015547627285465463,0.013178905911297103,0.02858919636417416,0.023682499309738144,0.19842116714548286,0.15731771179085732,0.19613500470800363,0.15227027266093868,0.19561223642938969,0.15199269071791122,0.17462610135562828,0.1336224214691321,0.7229696404020387,0.5997959692572667,0.7205565879387034,0.6114097569454426,0.7132023548069784,0.6052547293739556,0.6651966270994762,0.5532079243060836,0.19842116714548286,0.15731771179085732,0.19613500470800363,0.15227027266093868,0.19561223642938969,0.15199269071791122,0.17462610135562828,0.1336224214691321,0.0037438356873152247,0.003811203720325952,0.002685214958449869,0.0024784877368773882,0.0027511321172993017,0.0025306977149186067,0.005457209613376173,0.004833412894773797,0.01775522717376334,0.012087292790959357,0.012647512601856809,0.01076969095626286,0.011611461249799438,0.010079268590814991,0.009089311087033283,0.004549468048796834,0.316508664615919,0.3220687686480959,0.31293144683121804,0.2984704883704442,0.3170051234656387,0.30249700446111594,0.31735395936816063,0.3072558327889326,0.0121806613772,0.010238961017558982,0.008524132889263137,0.008011217370648199,0.008050256057392013,0.007715455768536504,0.007079332290392934,0.004072490989691225,-0.0031788887149242218,0.0044669044338489115,-0.021869785666112588,-0.027059559757833807,-0.01699346850752992,-0.023356213704649464,0.01719517801803938,0.012165499850157024,0.049573144245554264,0.041668209715550554,0.04300843982285474,0.037099427449013754,0.04273337881726962,0.036832748576952457,0.07069899640221143,0.060726101007846305,0.4968999900075154,0.4085555091042156,0.5081797604000545,0.4284759750906665,0.5016573109446765,0.42370813720913747,0.4449891963610595,0.36486034243161436,0.05757071381072621,0.04839049768981144,0.04935068118744993,0.04257029877994869,0.04903506251707427,0.04226429250780948,0.08171699420476393,0.07018989033720041
rho_Ser,3920.0,1.68,-0.17,0.4740481947288061,0.38671530868385795,0.5191637752228271,0.43060268051178163,0.5192713022710815,0.429320290728457,0.5035078516471493,0.39756327613646225,0.020806159053765254,0.01804103455530692,0.016199535005694436,0.015257154733313811,0.016298236458414078,0.015320405350221358,0.030724632899224693,0.028357051289188525,0.2356637393105026,0.17840045658995327,0.2669577870102233,0.20536818553864605,0.2670522048540491,0.20456953623887925,0.24581540960586457,0.17622916010037362,0.7411288274872497,0.6370787569028115,0.7732144028029001,0.7045374499863046,0.7764062092827111,0.7074057334440166,0.7477661749471967,0.6689081824480106,0.2356637393105026,0.17840045658995327,0.2669577870102233,0.20536818553864605,0.2670522048540491,0.20456953623887925,0.24581540960586457,0.17622916010037362,0.004833446224798334,0.00418906998800921,0.004095065643872469,0.0031871153317831902,0.004020264580215479,0.003103243137358884,0.008060164455727922,0.005401733083044914,0.007424607787800839,0.004099494097762389,0.00826574451633616,0.009225789818721021,0.008287573499985592,0.00889258542323725,0.005080952548863704,0.006571304149263503,0.3717991658037347,0.3414955763385971,0.399720365941456,0.3423781028840909,0.39705454456458944,0.3385656459845147,0.39240057038421816,0.3180330878081964,0.006229186502020473,0.003547934341202475,0.007368307171892622,0.007216877007114327,0.00728546769550036,0.006818823914431997,0.004761653041625849,0.005105073950052191,0.057681398881213486,0.03179689267327279,0.05987370146744697,0.0039036605452277273,0.05763659683286093,0.001835143894070912,0.09397737371975923,0.032614140714421036,0.04985928027936339,0.04658907714638855,0.03986872668810529,0.04055834717076117,0.04035424280650591,0.04120465591902058,0.07317186380256371,0.07628502152766613,0.49146862740668573,0.4189365514142963,0.5334696118881832,0.49561480732719443,0.5361929221980409,0.4965279003974642,0.48288427528409156,0.4303176694020445,0.057903020695419354,0.05410524121232195,0.04574797248677498,0.04653929385027464,0.04630508578426276,0.047280864938138795,0.08457525575254969,0.08817357419923098
sig_Per,4159.0,1.6,-0.23,0.47129524233027587,0.38994790593272555,0.4867879874263527,0.3968293693153445,0.4853614300172049,0.3962219586609521,0.5035078516471493,0.39756327613646225,0.021752037825533345,0.01855141212749662,0.01611853045887218,0.014436258861159915,0.016200488028143327,0.014426993417496307,0.030724632899224693,0.028357051289188525,0.2340077747729006,0.18052466173266302,0.24332136372445573,0.1841980667986052,0.2423354230741993,0.18383074106709274,0.24581540960586457,0.17622916010037362,0.7601859016835343,0.6483386232931863,0.7543586134521527,0.6655867795063286,0.7562213139793668,0.6649202813261581,0.7477661749471967,0.6689081824480106,0.2340077747729006,0.18052466173266302,0.24332136372445573,0.1841980667986052,0.2423354230741993,0.18383074106709274,0.24581540960586457,0.17622916010037362,0.004415665048004208,0.004150028789818936,0.003672684612942854,0.002972086008883393,0.0036088846806645175,0.0029699463381614075,0.008060164455727922,0.005401733083044914,0.01356653610678047,0.009261623914436879,0.009338509614953527,0.00837061242212185,0.009755414256584025,0.00851686570510377,0.005080952548863704,0.006571304149263503,0.3534689326934086,0.3366958703055212,0.37389869006078447,0.32924367684441985,0.37058550770178483,0.3289751553199476,0.39240057038421816,0.3180330878081964,0.010328866688504731,0.007721605870597161,0.00774090206535107,0.00655796578268861,0.007963439805450582,0.006671563580522264,0.004761653041625849,0.005105073950052191,0.03248279802818321,0.02028213506190435,0.03183092356348893,-0.004930983046441462,0.02808263655815857,-0.00548344755133634,0.09397737371975923,0.032614140714421036,0.050053867205889904,0.045353591822688076,0.04074493547183359,0.039332319185484105,0.040947732692546264,0.039210383175860085,0.07317186380256371,0.07628502152766613,0.5179628952695905,0.43634394632608764,0.5284367826936209,0.46664831476618374,0.5311334962464724,0.46658449490962006,0.48288427528409156,0.4303176694020445,0.05812899999576917,0.05267043992839042,0.04675339099769889,0.04513247800114088,0.04698609493176351,0.04499255622553629,0.08457525575254969,0.08817357419923098
ups_Aur,3912.0,1.16,-0.23,0.4740481947288061,0.38671530868385795,0.5188323626971422,0.4313933459697742,0.5184910399713425,0.4299212050971343,0.5035078516471493,0.39756327613646225,0.020806159053765254,0.01804103455530692,0.01641439386320273,0.015448648862241808,0.01658227233828713,0.015555588637685717,0.030724632899224693,0.028357051289188525,0.2356637393105026,0.17840045658995327,0.26674521056798056,0.20593635918331962,0.26651405538643225,0.20503008566944658,0.24581540960586457,0.17622916010037362,0.7411288274872497,0.6370787569028115,0.7793321633988242,0.7115356665086545,0.7844228169039843,0.7162341387953678,0.7477661749471967,0.6689081824480106,0.2356637393105026,0.17840045658995327,0.26674521056798056,0.20593635918331962,0.26651405538643225,0.20503008566944658,0.24581540960586457,0.17622916010037362,0.004833446224798334,0.00418906998800921,0.003952836034004747,0.003110702924003967,0.0038293434600841425,0.002997390257370095,0.008060164455727922,0.005401733083044914,0.007424607787800839,0.004099494097762389,0.008775405669413346,0.01011666859591381,0.009008530436631499,0.00990659010281359,0.005080952548863704,0.006571304149263503,0.3717991658037347,0.3414955763385971,0.3939621121122405,0.3380563327808411,0.3892081221920429,0.3327672795672897,0.39240057038421816,0.3180330878081964,0.006229186502020473,0.003547934341202475,0.007597757722757262,0.007695998003781162,0.007612579095211117,0.00732162387103472,0.004761653041625849,0.005105073950052191,0.057681398881213486,0.03179689267327279,0.05377439685481544,-0.000807757363311179,0.04910363160333209,-0.004259596292364387,0.09397737371975923,0.032614140714421036,0.04985928027936339,0.04658907714638855,0.04057082092075313,0.04099605935682352,0.04121294531023247,0.0417728373112524,0.07317186380256371,0.07628502152766613,0.49146862740668573,0.4189365514142963,0.5401690715124039,0.5020055292535365,0.5451977547439665,0.5043049643406257,0.48288427528409156,0.4303176694020445,0.057903020695419354,0.05410524121232195,0.04655360069680046,0.04704157477491281,0.047290418378980424,0.047932890169117955,0.08457525575254969,0.08817357419923098
ups_Per,4374.0,2.06,0.05,0.47410905145247045,0.3949215405152674,0.47470464412075664,0.3868603436610572,0.4734837864337751,0.3866064128411426,0.43465084273749766,0.3484951165725129,0.02124703236231907,0.018281473524224247,0.0156676438316443,0.013851578671111513,0.015628557528554073,0.013798301363125485,0.03090737742269614,0.02688340428960512,0.23584718237438157,0.18342332626866706,0.2347620151741014,0.1780464857656724,0.23390886277589795,0.17787606862698144,0.19940166307451812,0.14855184954050785,0.7487355173888403,0.6424385144651784,0.7343415631802231,0.640465574946048,0.7325236619443306,0.6385406465387038,0.719896355114963,0.6310989781234476,0.23584718237438157,0.18342332626866706,0.2347620151741014,0.1780464857656724,0.23390886277589795,0.17787606862698144,0.19940166307451812,0.14855184954050785,0.004742688087465984,0.004418242554892455,0.003750235683081834,0.0030809802816607586,0.0037534847843609747,0.0030987345317307065,0.005695297505592374,0.004296486059759424,0.011593983269622117,0.00797323142335866,0.008727467701632177,0.007230154144113674,0.008680300258699319,0.006939557882605526,0.010158798928767246,0.003697127315245443,0.36578681194031454,0.3485617552524093,0.37497961135852464,0.33602376405466744,0.37491904330392356,0.3372665123100574,0.32651440383676045,0.28367285632078904,0.009407707115963664,0.007042830007319511,0.0074627524383551885,0.0060585375843228385,0.007439100577640787,0.00586316902779969,0.007609242513646071,0.0025972345763356133,0.04536526703160274,0.030368356114076067,0.03261715881208904,0.0012067453727803157,0.0326014904888654,0.002677904321333635,0.024916973853214786,0.0011735472843653416,0.04881988213622693,0.044543844038149295,0.03967943254044431,0.03766063048587227,0.03963349638411197,0.03763115501227442,0.07521053318773456,0.07148141379916573,0.506078106993516,0.43030918049287203,0.513488650690346,0.4479401749070796,0.51208880624202,0.44593646358320704,0.4831241005559098,0.4095327034026321,0.05669593853294043,0.05173005556943421,0.045530764623257246,0.0432142162260446,0.04547805412451869,0.0431804523901669,0.08693164352615937,0.08262143880653504
zet_Cep,4151.0,0.77,0.07,0.4792796182453679,0.39551447588774635,0.4929988116775017,0.40137674548740576,0.492406241422512,0.4012099938438689,0.5035078516471493,0.39756327613646225,0.02120258284044402,0.018185788700299656,0.01573957128207371,0.01417861867790633,0.015757195069857184,0.014161485241378568,0.030724632899224693,0.028357051289188525,0.2394753590720935,0.18374721654550946,0.24765152538582444,0.1868426635574609,0.24723029785941622,0.1867349236826671,0.24581540960586457,0.17622916010037362,0.7499276156315265,0.6405772737837765,0.7455823036848294,0.6571932393934066,0.7459366265268661,0.6567043635620514,0.7477661749471967,0.6689081824480106,0.2394753590720935,0.18374721654550946,0.24765152538582444,0.1868426635574609,0.24723029785941622,0.1867349236826671,0.24581540960586457,0.17622916010037362,0.004875306406113761,0.004465053161930136,0.003997963532337121,0.0031836938397272214,0.003972267058324347,0.003184045965996592,0.008060164455727922,0.005401733083044914,0.011132857839842015,0.00718363705187422,0.008094203532119067,0.006893490247642266,0.008057104980778107,0.0066966291654894814,0.005080952548863704,0.006571304149263503,0.3713895698149285,0.35101357036848985,0.3894357848767226,0.34193990857870793,0.3883326639154425,0.34211339148823544,0.39240057038421816,0.3180330878081964,0.009216186030254966,0.0064269926607213815,0.007202414991605677,0.005770376600985295,0.0071363685990149285,0.005613804576978098,0.004761653041625849,0.005105073950052191,0.051037253148996695,0.033345442941942555,0.04786401579730171,0.006582760418720968,0.04703720251125132,0.007142962319584778,0.09397737371975923,0.032614140714421036,0.0484777968131913,0.04457806318005491,0.039329331842970855,0.03853327445226437,0.03951233401978499,0.038605755092256555,0.07317186380256371,0.07628502152766613,0.5054862447975229,0.4274949878801479,0.5170281293185256,0.4585568149382324,0.5173002047232291,0.45771245399771254,0.48288427528409156,0.4303176694020445,0.05629866800636868,0.05176979548231331,0.04512903433899606,0.044215592200367894,0.04533902397412807,0.04429875924180612,0.08457525575254969,0.08817357419923098
