target,teff,logg,feh,mass,sigma_teff,sigma_logg,sigma_feh,a_I_H_Kurucz,a_I_H_Kurucz_err,a_I_H_Kurucz_std,u1_I_H_Kurucz,u1_I_H_Kurucz_err,u1_I_H_Kurucz_std,u2_I_H_Kurucz,u2_I_H_Kurucz_err,u2_I_H_Kurucz_std,p1_I_H_Kurucz,p1_I_H_Kurucz_err,p1_I_H_Kurucz_std,alpha1_I_H_Kurucz,alpha1_I_H_Kurucz_err,alpha1_I_H_Kurucz_std,alpha_I_H_Kurucz,alpha_I_H_Kurucz_err,alpha_I_H_Kurucz_std,a_I_K_Kurucz,a_I_K_Kurucz_err,a_I_K_Kurucz_std,u1_I_K_Kurucz,u1_I_K_Kurucz_err,u1_I_K_Kurucz_std,u2_I_K_Kurucz,u2_I_K_Kurucz_err,u2_I_K_Kurucz_std,p1_I_K_Kurucz,p1_I_K_Kurucz_err,p1_I_K_Kurucz_std,alpha1_I_K_Kurucz,alpha1_I_K_Kurucz_err,alpha1_I_K_Kurucz_std,alpha_I_K_Kurucz,alpha_I_K_Kurucz_err,alpha_I_K_Kurucz_std,a_I_H_Stagger,a_I_H_Stagger_err,a_I_H_Stagger_std,u1_I_H_Stagger,u1_I_H_Stagger_err,u1_I_H_Stagger_std,u2_I_H_Stagger,u2_I_H_Stagger_err,u2_I_H_Stagger_std,p1_I_H_Stagger,p1_I_H_Stagger_err,p1_I_H_Stagger_std,alpha1_I_H_Stagger,alpha1_I_H_Stagger_err,alpha1_I_H_Stagger_std,alpha_I_H_Stagger,alpha_I_H_Stagger_err,alpha_I_H_Stagger_std,a_I_K_Stagger,a_I_K_Stagger_err,a_I_K_Stagger_std,u1_I_K_Stagger,u1_I_K_Stagger_err,u1_I_K_Stagger_std,u2_I_K_Stagger,u2_I_K_Stagger_err,u2_I_K_Stagger_std,p1_I_K_Stagger,p1_I_K_Stagger_err,p1_I_K_Stagger_std,alpha1_I_K_Stagger,alpha1_I_K_Stagger_err,alpha1_I_K_Stagger_std,alpha_I_K_Stagger,alpha_I_K_Stagger_err,alpha_I_K_Stagger_std,a_I_H_MPS1,a_I_H_MPS1_err,a_I_H_MPS1_std,u1_I_H_MPS1,u1_I_H_MPS1_err,u1_I_H_MPS1_std,u2_I_H_MPS1,u2_I_H_MPS1_err,u2_I_H_MPS1_std,p1_I_H_MPS1,p1_I_H_MPS1_err,p1_I_H_MPS1_std,alpha1_I_H_MPS1,alpha1_I_H_MPS1_err,alpha1_I_H_MPS1_std,alpha_I_H_MPS1,alpha_I_H_MPS1_err,alpha_I_H_MPS1_std,a_I_K_MPS1,a_I_K_MPS1_err,a_I_K_MPS1_std,u1_I_K_MPS1,u1_I_K_MPS1_err,u1_I_K_MPS1_std,u2_I_K_MPS1,u2_I_K_MPS1_err,u2_I_K_MPS1_std,p1_I_K_MPS1,p1_I_K_MPS1_err,p1_I_K_MPS1_std,alpha1_I_K_MPS1,alpha1_I_K_MPS1_err,alpha1_I_K_MPS1_std,alpha_I_K_MPS1,alpha_I_K_MPS1_err,alpha_I_K_MPS1_std,a_I_H_MPS2,a_I_H_MPS2_err,a_I_H_MPS2_std,u1_I_H_MPS2,u1_I_H_MPS2_err,u1_I_H_MPS2_std,u2_I_H_MPS2,u2_I_H_MPS2_err,u2_I_H_MPS2_std,p1_I_H_MPS2,p1_I_H_MPS2_err,p1_I_H_MPS2_std,alpha1_I_H_MPS2,alpha1_I_H_MPS2_err,alpha1_I_H_MPS2_std,alpha_I_H_MPS2,alpha_I_H_MPS2_err,alpha_I_H_MPS2_std,a_I_K_MPS2,a_I_K_MPS2_err,a_I_K_MPS2_std,u1_I_K_MPS2,u1_I_K_MPS2_err,u1_I_K_MPS2_std,u2_I_K_MPS2,u2_I_K_MPS2_err,u2_I_K_MPS2_std,p1_I_K_MPS2,p1_I_K_MPS2_err,p1_I_K_MPS2_std,alpha1_I_K_MPS2,alpha1_I_K_MPS2_err,alpha1_I_K_MPS2_std,alpha_I_K_MPS2,alpha_I_K_MPS2_err,alpha_I_K_MPS2_std,a_I_H_SATLAS,a_I_H_SATLAS_err,a_I_H_SATLAS_std,u1_I_H_SATLAS,u1_I_H_SATLAS_err,u1_I_H_SATLAS_std,u2_I_H_SATLAS,u2_I_H_SATLAS_err,u2_I_H_SATLAS_std,p1_I_H_SATLAS,p1_I_H_SATLAS_err,p1_I_H_SATLAS_std,alpha1_I_H_SATLAS,alpha1_I_H_SATLAS_err,alpha1_I_H_SATLAS_std,alpha_I_H_SATLAS,alpha_I_H_SATLAS_err,alpha_I_H_SATLAS_std,a_I_K_SATLAS,a_I_K_SATLAS_err,a_I_K_SATLAS_std,u1_I_K_SATLAS,u1_I_K_SATLAS_err,u1_I_K_SATLAS_std,u2_I_K_SATLAS,u2_I_K_SATLAS_err,u2_I_K_SATLAS_std,p1_I_K_SATLAS,p1_I_K_SATLAS_err,p1_I_K_SATLAS_std,alpha1_I_K_SATLAS,alpha1_I_K_SATLAS_err,alpha1_I_K_SATLAS_std,alpha_I_K_SATLAS,alpha_I_K_SATLAS_err,alpha_I_K_SATLAS_std,a_I_H_SATLASRoss,a_I_H_SATLASRoss_err,a_I_H_SATLASRoss_std,u1_I_H_SATLASRoss,u1_I_H_SATLASRoss_err,u1_I_H_SATLASRoss_std,u2_I_H_SATLASRoss,u2_I_H_SATLASRoss_err,u2_I_H_SATLASRoss_std,p1_I_H_SATLASRoss,p1_I_H_SATLASRoss_err,p1_I_H_SATLASRoss_std,alpha1_I_H_SATLASRoss,alpha1_I_H_SATLASRoss_err,alpha1_I_H_SATLASRoss_std,alpha_I_H_SATLASRoss,alpha_I_H_SATLASRoss_err,alpha_I_H_SATLASRoss_std,a_I_K_SATLASRoss,a_I_K_SATLASRoss_err,a_I_K_SATLASRoss_std,u1_I_K_SATLASRoss,u1_I_K_SATLASRoss_err,u1_I_K_SATLASRoss_std,u2_I_K_SATLASRoss,u2_I_K_SATLASRoss_err,u2_I_K_SATLASRoss_std,p1_I_K_SATLASRoss,p1_I_K_SATLASRoss_err,p1_I_K_SATLASRoss_std,alpha1_I_K_SATLASRoss,alpha1_I_K_SATLASRoss_err,alpha1_I_K_SATLASRoss_std,alpha_I_K_SATLASRoss,alpha_I_K_SATLASRoss_err,alpha_I_K_SATLASRoss_std
109_Her,4387.0,2.24,-0.06,1.05,100.0,0.2,0.2,0.4538248812376339,0.02110480459649672,,0.028080219980471055,0.04857107585269265,,0.5025380215114377,0.05640699875782873,,0.736189334600419,0.013583110035030554,,0.35025014887056244,0.010541660845463983,,0.22189386028530078,0.004441222551439577,,0.3770538972830876,0.017727173659520805,,0.023185166801034662,0.042984713941965236,,0.41769752589751585,0.04991938950256208,,0.6205268621268633,0.00871680023986023,,0.3421916929281845,0.0077674028636259655,,0.172599673951916,0.004254980803815252,,0.43465084273749766,0.03090737742269614,,0.024916973853214786,0.07521053318773456,,0.4831241005559098,0.08693164352615937,,0.719896355114963,0.010158798928767246,,0.32651440383676045,0.007609242513646071,,0.19940166307451812,0.005695297505592374,,0.3484951165725129,0.02688340428960512,,0.0011735472843653416,0.07148141379916573,,0.4095327034026321,0.08262143880653504,,0.6310989781234476,0.003697127315245443,,0.28367285632078904,0.0025972345763356133,,0.14855184954050785,0.004296486059759424,,0.47220560504441833,0.015793433354636482,,0.02659865115475546,0.040013510009265785,,0.5175765468687424,0.04591410678796364,,0.7370664270937682,0.009373544246139294,,0.3694697166232168,0.007816393082124742,,0.23307348481615384,0.003645257912563003,,0.38515724446911803,0.013906994772570128,,-0.0021154700119601078,0.03777510791597872,,0.44982079475589243,0.04334561717043785,,0.6419516903592178,0.007729847565374344,,0.3324988522418103,0.0063666801198861865,,0.17706471158000894,0.003025473158293151,,0.47115312891017,0.015737778816243296,,0.027245263081457693,0.039939261558543035,,0.5156030381659775,0.045828910512038044,,0.7347999942772919,0.009257597385018764,,0.3699843038743329,0.0077591052699895295,,0.2323355099208743,0.003660020183516194,,0.3848755344905628,0.013846217599511244,,-0.0005458721370434905,0.03768583338965763,,0.44767048693356915,0.04324314704096153,,0.6396517457506469,0.007451746154461512,,0.3339878319127767,0.00619868090245202,,0.17687558341629156,0.0030476598527141266,,0.6587059385340076,0.009933525893593257,,-0.345894742152655,0.022399144169517285,,1.3387985095667174,0.028902727835752342,,1.8103542970697986,0.07826738838932683,,0.2058111160945833,0.011521699851373992,,0.43756725463276025,0.007532411725046499,,0.6036383491723547,0.010865928555108578,,-0.46609710794178566,0.025844163181744248,,1.425601499316404,0.033348006904700224,,1.9202763831880785,0.10156799531007688,,0.1746936101321367,0.011620042485550089,,0.3883252708135493,0.0077535235040298404,,0.3909408421654905,0.0019317499990100533,,0.19263607983502948,0.001800233302882677,,0.28980514634555665,0.002537278852608528,,0.678203680740906,0.002824009385083445,,0.41396514936441464,0.0023688103294047438,,0.25070722531041406,0.0005978138898637312,,0.3171371525827762,0.0015688061400336761,,0.15657496378705518,0.0015285161663481097,,0.2346476608492775,0.002154316187731302,,0.5516961056750546,0.0022087947438176317,,0.412392292727331,0.0022666546081589784,,0.19459343628686093,0.0005866459391970626,
11_Lac,4310.0,1.93,-0.2,1.38,100.0,0.2,0.2,0.47129524233027587,0.021752037825533345,,0.03248279802818321,0.050053867205889904,,0.5179628952695905,0.05812899999576917,,0.7601859016835343,0.01356653610678047,,0.3534689326934086,0.010328866688504731,,0.2340077747729006,0.004415665048004208,,0.38994790593272555,0.01855141212749662,,0.02028213506190435,0.045353591822688076,,0.43634394632608764,0.05267043992839042,,0.6483386232931863,0.009261623914436879,,0.3366958703055212,0.007721605870597161,,0.18052466173266302,0.004150028789818936,,0.43465084273749766,0.03090737742269614,,0.024916973853214786,0.07521053318773456,,0.4831241005559098,0.08693164352615937,,0.719896355114963,0.010158798928767246,,0.32651440383676045,0.007609242513646071,,0.19940166307451812,0.005695297505592374,,0.3484951165725129,0.02688340428960512,,0.0011735472843653416,0.07148141379916573,,0.4095327034026321,0.08262143880653504,,0.6310989781234476,0.003697127315245443,,0.28367285632078904,0.0025972345763356133,,0.14855184954050785,0.004296486059759424,,0.47787581961286474,0.016075805380861872,,0.024249070055689867,0.04070156581802118,,0.5268916106289758,0.04670362399357956,,0.7487597686197337,0.009903354910657063,,0.3671756457022688,0.00805654754481222,,0.23706728932005092,0.003572615539864066,,0.3898176547993256,0.014211747328246314,,-0.006018927281402631,0.03856590335604023,,0.4597677995941941,0.044253029626120176,,0.6548184801971023,0.008494692796649345,,0.32847153038503385,0.006742312585273691,,0.17993303502867744,0.0029644773773600938,,0.4768573123751193,0.016009504349884553,,0.025181065507316025,0.04057499753014207,,0.5246260827391864,0.046558393065654666,,0.7461311547023044,0.009769180395207896,,0.36800851546624,0.00800149827524142,,0.23634348722757223,0.003595596357163888,,0.3894460022966141,0.014138022393828869,,-0.004279708234929291,0.038393335972727025,,0.45731600832945785,0.04405500891219947,,0.651877808742368,0.008227684211294847,,0.3302913781938071,0.006611109459450171,,0.17968487401851752,0.002993571631971575,,0.7034138994988055,0.010130572275091707,,-0.34203146713671034,0.021807048113073227,,1.393230888198507,0.028138716889965384,,1.7620654438641141,0.07482545960257254,,0.23040000324177234,0.01295981261434683,,0.4801507975707948,0.008501576557324362,,0.6489031297974353,0.011171157520620348,,-0.480031026001202,0.025229677845557817,,1.5044936702739793,0.032555105975394925,,1.8913882892085723,0.09996984592484916,,0.1931704017617121,0.013065376760644475,,0.42773413568382646,0.008743766060357849,,0.39676773826530953,0.0019048267664807193,,0.20523574641365752,0.0016433611989376722,,0.28242558529630885,0.002335314935329795,,0.6685370724298515,0.0029343818171785234,,0.43364016350857415,0.0026324958983540395,,0.2573255137440805,0.0006648755214614941,,0.31950356328836693,0.0015591581954075798,,0.16316310022052638,0.001410099011344961,,0.23053353313333222,0.00200383536033129,,0.5459347540214565,0.0023986431847953164,,0.4254152772765322,0.002571883966345489,,0.19796330032900591,0.0006299065719322129,
alf_Cas,4625.0,1.19,-0.1,3.98,100.0,0.2,0.2,0.43199204911948486,0.020563099566421977,,0.017955966552809684,0.04779301129946776,,0.48871751566774185,0.05550340130206662,,0.7141593185279025,0.014098706665727503,,0.33984672876770206,0.010811144227328338,,0.20734248894421647,0.004255278263003323,,0.36018960266958316,0.01699572374005037,,0.02075292715374355,0.04111509186736357,,0.40066229060505565,0.04774814906044907,,0.5943266258849741,0.00867101770872795,,0.34077972757459846,0.008020579994743132,,0.1626037344288681,0.004176337052776413,,0.43465084273749766,0.03090737742269614,,0.024916973853214786,0.07521053318773456,,0.4831241005559098,0.08693164352615937,,0.719896355114963,0.010158798928767246,,0.32651440383676045,0.007609242513646071,,0.19940166307451812,0.005695297505592374,,0.3484951165725129,0.02688340428960512,,0.0011735472843653416,0.07148141379916573,,0.4095327034026321,0.08262143880653504,,0.6310989781234476,0.003697127315245443,,0.28367285632078904,0.0025972345763356133,,0.14855184954050785,0.004296486059759424,,0.45135270400968885,0.015696588922163933,,0.00973391196995188,0.04041328463741744,,0.5129442590137792,0.04637283637512239,,0.7254890102711752,0.010400154025391174,,0.3522661129791916,0.008227632266389747,,0.21898120684081654,0.0033593267218539,,0.36922694284583957,0.01358651657073733,,-0.00875815822132231,0.037077512069840377,,0.4390331508053532,0.042545144943312255,,0.625689223500241,0.00820219729001286,,0.32402418841680675,0.006683974008422865,,0.1676961594019568,0.002877960969732161,,0.4502669108425854,0.015608925968883303,,0.01135770206579445,0.04031116971914148,,0.509797053448021,0.04625565874241876,,0.72212148854539,0.010119936077233938,,0.3535364421292937,0.008084779414576686,,0.21823714389148238,0.0033860377789452084,,0.3687129373489658,0.013508480787623628,,-0.00695708384136462,0.03693283791928035,,0.43634416290895883,0.04237914262909272,,0.6225279206370319,0.007905410485178139,,0.3258711903808575,0.006526737974430685,,0.16737098993717084,0.002904243354459064,,0.7137816134412978,0.010577822353691091,,-0.3849285608821083,0.022401323452430164,,1.4642151574421625,0.028905539877937595,,1.7729161480331592,0.07976625309150892,,0.23321815868046442,0.013934723273065976,,0.48969003599457683,0.009218641331385223,,0.6640496200559649,0.011591143161144284,,-0.5182216540633939,0.025649420540449722,,1.5755743055428957,0.0330967208140446,,1.894609172661929,0.10429249758777638,,0.19835723790130613,0.014040643593975742,,0.44117643257170525,0.009459964040983983,,0.3723599211380583,0.001817713122868174,,0.19272454130803945,0.0015265738758749494,,0.2660363055982147,0.0021774676056555238,,0.6114271346330052,0.0032707222354143002,,0.4502293986026738,0.00336355438577059,,0.2382332399071337,0.0008087727864589442,,0.2996083400074514,0.0014549304956835783,,0.15617259242045753,0.0012756395849281902,,0.21242539437960636,0.0018195410766829057,,0.49050093692460084,0.002593517252118536,,0.45208630196852256,0.0033421139826563277,,0.1833199127128337,0.0007597832438124333,
alf_CMi,6570.0,4.04,-0.04,1.478,100.0,0.2,0.2,0.2963755971177576,0.01673209897233814,,-0.031212230198740976,0.04402814272233034,,0.3866762297252502,0.05113115865716327,,0.5893247272226534,0.017100695833332513,,0.2577367739813981,0.010887913192683587,,0.1282217328856287,0.0025175292434310905,,0.2547881697934688,0.01354851300594023,,-0.014016355192575825,0.03377216142745842,,0.31728992927152555,0.03922058448153065,,0.4692090451774499,0.01250881851303937,,0.28812929543882304,0.011623177950801391,,0.10643374275510649,0.002772677356003286,,0.2834176416020704,0.02381615338539366,,-0.014772058467593885,0.06898733750420996,,0.35160048206092487,0.07973861572972302,,0.57829393592387,0.0058820517220382704,,0.23775519110522603,0.003549150522192094,,0.11505749134886548,0.002968851292168978,,0.23648376716650946,0.01924357089270772,,-0.005014814647332333,0.055426262467272155,,0.28475504996183676,0.06406404452933234,,0.4617497469892669,0.005198675001785577,,0.2533484956074252,0.0042784509404999145,,0.09229257803333192,0.0030154078791867238,,0.29193173839766634,0.012670845470380488,,-0.05280516967536774,0.03805418685827914,,0.4004150648603908,0.04366585247971576,,0.5975946987042571,0.015020285787118302,,0.24559887195602145,0.008783638307685231,,0.1258198647913588,0.0017274373276109389,,0.2477874612143628,0.010426505247026475,,-0.04072575769434539,0.029182480695551325,,0.3351107389879171,0.03348587884319191,,0.48106344812716845,0.013600320228836987,,0.2647840560900098,0.01092306356528112,,0.10329014776026113,0.001843389551023585,,0.2943420546592276,0.012497739073307354,,-0.0458688891626838,0.03745667539057307,,0.3951581160688811,0.042980228579331786,,0.58521262834947,0.013193501523015376,,0.25586150023336446,0.008319314069494096,,0.1269575278090522,0.0018453851711711011,,0.2488803531231049,0.010290547842170162,,-0.03593679513717429,0.028771528106018122,,0.33081771579719244,0.03301432537098931,,0.4732629121434387,0.012387711783067459,,0.2728004109844657,0.010528158691831222,,0.10374031961513652,0.0019174849984248698,,0.40207882684051294,0.008695345687077475,,-0.2773306822564105,0.02678807855231983,,0.9054268584005168,0.034565987788103734,,1.7600445801427627,0.09259103142112529,,0.12271098195249085,0.00774122701948268,,0.2341458608242349,0.004332665178337771,,0.36530192312831755,0.009049448523295298,,-0.3031889463502279,0.028878496908618694,,0.8908759435331735,0.03726335839053403,,1.7510152907599374,0.1045507974288024,,0.11267368880969794,0.008001559287987984,,0.2108533134800533,0.004480685353181091,,0.27438339607639506,0.0014524474762875467,,0.1127760155753001,0.0015623006185283667,,0.2262264399646924,0.002114619025631093,,0.48622286157021544,0.001797482679201708,,0.38652806745071844,0.001998448497128397,,0.1554365781673036,0.0005189946919398143,,0.23391152409079596,0.0011054502216320573,,0.11106765618697541,0.0012072890468689179,,0.1719632533055036,0.0016341006068040116,,0.3807859541634345,0.0009556136930436339,,0.4354776888739779,0.001582284094930716,,0.12870484288552808,0.000540058152267531,
alf_Per,6193.0,1.02,0.14,7.3,100.0,0.2,0.2,0.32098945403615686,0.01726085499584475,,-0.020101201862303908,0.04376745313460438,,0.4026146139138669,0.05082840633128023,,0.6001938227691372,0.01516458654546705,,0.2817043213739961,0.010683636339299222,,0.14120246096752612,0.0029791215962113905,,0.27453760220598566,0.014092039701120591,,-0.006077299157993377,0.03455849609482888,,0.33123059503992114,0.04013376120061821,,0.4877564598016028,0.010971616599927705,,0.30399655939108866,0.010552746993242025,,0.11620059013583753,0.0031083555206823103,,0.2965652675386329,0.02557578827466714,,-0.02111669543496153,0.07549313776355596,,0.3745841378100069,0.08725827730014457,,0.6304261670977521,0.009655417046446964,,0.2243457101959265,0.0049473203127598986,,0.1218932121498603,0.002679928656970142,,0.24642221675973375,0.020747005826122673,,-0.011187427064675903,0.0612908061371341,,0.3037518621606403,0.07084260692366318,,0.5057879512899852,0.008439308266873948,,0.23570801340567166,0.005755276648364515,,0.0971606873505033,0.0027791865746623584,,0.3030837251103433,0.013328807541968909,,-0.05507962371582309,0.04186456358363484,,0.4160099987382103,0.048038126657440255,,0.6396819230304056,0.012481368311102692,,0.23532410737285078,0.0064450629025254134,,0.13177726307243834,0.0015564212291185268,,0.25668132503349295,0.011252954724450072,,-0.04963006122185492,0.03373200422883402,,0.3557834716452041,0.03870629755093154,,0.5330675771239713,0.013711986344253498,,0.2407233470672071,0.008754195437732015,,0.10790312220281811,0.0016056687243485009,,0.30549763056574697,0.013135802999401036,,-0.048035594778490065,0.04103596632933914,,0.41063206717855016,0.04708733825499516,,0.6244043430732199,0.010506618553471339,,0.24603184751652815,0.005894135868343884,,0.13293084479208156,0.0016866959227539798,,0.2580036131372345,0.011071856891764764,,-0.043375689992818545,0.033190189523288116,,0.3500548118132131,0.03808458489201916,,0.5208380986273753,0.011670193123787089,,0.2504209012512325,0.008034960153439089,,0.10844979252014741,0.0016973197124907653,,0.7688772693874303,0.0127570724617137,,-0.5220087668001171,0.028730777547938235,,1.720321650695827,0.037072748782545226,,1.7637776440677368,0.09921025681864905,,0.2588885487752303,0.019790126832873022,,0.5429016558167795,0.01324598014385571,,0.7412515964260636,0.013548376433035036,,-0.6207272008349848,0.030939707418855034,,1.815064650960176,0.039923040632316976,,1.8443575234212064,0.11784377155775455,,0.2345699183781855,0.019928430030751555,,0.5131273878153855,0.013483390771023169,,0.2711429711110466,0.0014188423196027165,,0.13898553898711416,0.0011983494862536114,,0.1994253577647362,0.0017389375299194495,,0.4774830486656124,0.0025993009382842707,,0.414928129196457,0.003045641676859794,,0.1669198096327385,0.000605934703778493,,0.22343250654839464,0.0011021770101007587,,0.12076412930922543,0.000929838940866603,,0.154926420218811,0.0013492990555215422,,0.37596587005237087,0.0018305729727944658,,0.4411236137002751,0.002941595022862509,,0.1336692192599004,0.0005787708906062762,
alf_Vul,3690.0,1.3,-0.38,0.97,100.0,0.2,0.2,0.4010390080651023,0.019626099769016973,,0.027156933025853203,0.05664148846472769,,0.4413207583591542,0.06577939862920225,,0.6972612355044457,0.003960582959203273,,0.31373834126557876,0.0027831340605272478,,0.18751200403561102,0.003464186548403607,,0.31880796786999877,0.017056880528976436,,-0.0023403592434907416,0.050910575959985785,,0.37907520598592903,0.059124029057566224,,0.6120493413956403,0.004499900934909643,,0.2706406676596226,0.0029451853057948373,,0.13994744068172657,0.0026275712376008873,,0.5035078516471493,0.030724632899224693,,0.09397737371975923,0.07317186380256371,,0.48288427528409156,0.08457525575254969,,0.7477661749471967,0.005080952548863704,,0.39240057038421816,0.004761653041625849,,0.24581540960586457,0.008060164455727922,,0.39756327613646225,0.028357051289188525,,0.032614140714421036,0.07628502152766613,,0.4303176694020445,0.08817357419923098,,0.6689081824480106,0.006571304149263503,,0.3180330878081964,0.005105073950052191,,0.17622916010037362,0.005401733083044914,,0.5482162070392225,0.017007599771798502,,0.06391887723205877,0.04071430053058782,,0.5625157696691708,0.04671824047077868,,0.8116621597682977,0.010013029792575647,,0.4038422900421898,0.008632388603715095,,0.2895802479396402,0.003983352549844028,,0.47268070733057344,0.015592750872694844,,0.0270334154226769,0.03640668485474099,,0.517623398544961,0.04177539899584046,,0.7248862582176723,0.012918162979630558,,0.38055870088494903,0.01143267785322409,,0.23338804554469697,0.004022843383182743,,0.5459553694361949,0.0171387946749869,,0.05924072191713155,0.041751466087553535,,0.5653235061591879,0.047908350326247524,,0.8151426521935787,0.009674518414521452,,0.3980461774041352,0.008130328016319863,,0.28778179255637565,0.0038175598805076424,,0.4693678838801777,0.015922893374928405,,0.016609857343620638,0.03847686818584777,,0.525882581308781,0.0441508606317996,,0.7357321212979725,0.01298908469297877,,0.36701084266860473,0.010747020136465099,,0.2311903889549511,0.0037068604952961537,,0.8751326658396575,0.009762492150469605,,-0.12029117390817194,0.021619097591714535,,1.3265688336864372,0.02789619500614071,,1.4779470046712035,0.04595002986658812,,0.3895660774064703,0.018320837268953036,,0.6778085351390296,0.012388501868634614,,0.8224968983352771,0.011204271319292301,,-0.32642133086861846,0.024489808381874194,,1.5311257919233165,0.031600415660731,,1.6056163616452757,0.0676773543753764,,0.3186227316799844,0.019208560776757193,,0.6067761006931641,0.012758774046548424,,0.4432598831478741,0.001959598634402012,,0.26195990422980847,0.00142923206843959,,0.2745617716388505,0.002080633319676049,,0.6908957848042213,0.0027029398402370545,,0.49125269243641695,0.002703457103341078,,0.3016554098207017,0.0008553230430583797,,0.34692077568488183,0.0016994389068922533,,0.19051037727386116,0.0013843720442388325,,0.2368688420830957,0.0020153274376192368,,0.5783803296594228,0.0027168757717763716,,0.44768367833440503,0.0028852474069117717,,0.22339110168020457,0.0007421085992406117,
bet_Dra,5184.0,1.66,0.06,6.0,100.0,0.2,0.2,0.3942437979853616,0.019358105701386703,,0.00632279670772895,0.04608187765336095,,0.45789195149554907,0.05351619735169456,,0.6705348339826103,0.01366554087731578,,0.3250211573804437,0.010486824312866207,,0.1833905341287671,0.003943656339234533,,0.33216065162275943,0.015740296071792555,,0.017870348390113477,0.03811955910033457,,0.37098016901290487,0.04426934989235259,,0.5501991912691239,0.008047319096816526,,0.33869599487824203,0.007971675804761876,,0.1465744156054391,0.003997088940529089,,0.3730609711810847,0.029912198613636858,,-0.009109083963663554,0.08218249749622274,,0.4506231395541449,0.09499014628297399,,0.7096122745890951,0.004646372162128494,,0.26341932001172025,0.0026232008038818942,,0.16276420986903278,0.0035998562658747864,,0.3000058030068844,0.02466075122304106,,-0.009296381250421426,0.07113057473072658,,0.3647034048951744,0.08221587318225758,,0.5947043661472445,0.011064785694532474,,0.2478021183144471,0.0068625257371502735,,0.12324679657630914,0.003259303662992216,,0.3947347048537323,0.015034486599779299,,-0.02274388069850454,0.04140201870072504,,0.484905188758728,0.047507370355736274,,0.6895941726607882,0.011500514982252519,,0.3092656600511935,0.007967258792078945,,0.18316647677518702,0.002649232666598421,,0.32674433193339925,0.012534449434233683,,-0.020479847465026735,0.03490605164959364,,0.4033040587882757,0.04005347318893598,,0.5763019489531095,0.008799582888587013,,0.30479080776022444,0.007148581880603193,,0.143792222077918,0.0025218004575976016,,0.39446832939300935,0.014839805611577375,,-0.017633480273274715,0.04085219923681859,,0.47866001502827515,0.04687646950472626,,0.6812211571420266,0.010683623133563592,,0.31474955076268113,0.007678003734303578,,0.18293532834146173,0.002740420390579615,,0.3270656304685368,0.012381078239934371,,-0.016045556877420042,0.03441601312768888,,0.39852678027740507,0.039491172675894345,,0.5694195204284642,0.008209047987243432,,0.3108540704908152,0.006936586544597268,,0.14389737456482596,0.0026016134352944754,,0.6321875076306618,0.01103064769696282,,-0.4691012068950789,0.025543512952919973,,1.4676515003467139,0.032960063007503294,,1.9046819008677172,0.10029396854308671,,0.18584487460537363,0.012436676175251963,,0.41286834076722884,0.008330759202353134,,0.5896645670982933,0.011655142595425301,,-0.5502227740229386,0.028052000648582275,,1.51909062264999,0.03619688920479653,,1.9726481261904363,0.11731773765028264,,0.1659275790461261,0.0123079231713773,,0.37669198784299496,0.008372936188678267,,0.3294299308526967,0.0017336930326965624,,0.15361735637430785,0.0017131295883363558,,0.2572176428021516,0.0024164389132044274,,0.585665495620423,0.002884115507823945,,0.4003421426327096,0.002689858852605488,,0.2034160618709394,0.0006169186992527384,,0.2750504363028698,0.0013560458544535651,,0.13748385354108303,0.0013332162086399943,,0.20126292015920105,0.0018805556506893608,,0.46452112767622944,0.0020278311549766486,,0.4293274755358394,0.0026048136767372163,,0.1640752251676161,0.0006347264698395684,
del_And,4347.0,2.04,0.21,1.3,100.0,0.2,0.2,0.4809660468572039,0.02101568221845498,,0.05646490728763787,0.04802994372598174,,0.5010701995267539,0.055778562967599594,,0.7463580453900902,0.010421269941043318,,0.37650536720739336,0.008839270471606835,,0.24062638890201174,0.00501296378808241,,0.3965014742375994,0.018074552902615046,,0.036667629666144785,0.044372449386989504,,0.42473858873639114,0.051531009055334386,,0.6381624577290768,0.0066411292395479,,0.35456637005230185,0.006049420079746404,,0.1843063167385398,0.0045433561255864875,,0.43465084273749766,0.03090737742269614,,0.024916973853214786,0.07521053318773456,,0.4831241005559098,0.08693164352615937,,0.719896355114963,0.010158798928767246,,0.32651440383676045,0.007609242513646071,,0.19940166307451812,0.005695297505592374,,0.3484951165725129,0.02688340428960512,,0.0011735472843653416,0.07148141379916573,,0.4095327034026321,0.08262143880653504,,0.6310989781234476,0.003697127315245443,,0.28367285632078904,0.0025972345763356133,,0.14855184954050785,0.004296486059759424,,0.4866059882391147,0.015480578029850036,,0.049192318721851924,0.038890501170536995,,0.5080599687709106,0.044625492609184185,,0.7346519656199163,0.007559747577969688,,0.39055644059683325,0.00685568786966115,,0.243037811669225,0.004046124864008716,,0.39614809704584053,0.013868768516714737,,0.010293489233064945,0.03783963824310971,,0.4481736505815841,0.043419654431879944,,0.6443574927821747,0.006153562806914467,,0.34554239859531993,0.0053323872819099226,,0.18357744884493277,0.003239358917690746,,0.4858739325122676,0.015490198660442307,,0.04841235878339467,0.03903177006209616,,0.5081156144997386,0.044787594860969566,,0.7346602189443737,0.007525541344973885,,0.3895547779323231,0.006799025282775483,,0.2425215643979654,0.004024033045193935,,0.3959921036027315,0.013866454893815128,,0.010372432347348748,0.03791424950077547,,0.44790077535569184,0.04350527453142783,,0.6443662298098458,0.0060433213024861585,,0.34531474041096266,0.0052318783275725885,,0.1834826064992912,0.003233592456902389,,0.7034138994988055,0.010130572275091707,,-0.34203146713671034,0.021807048113073227,,1.393230888198507,0.028138716889965384,,1.7620654438641141,0.07482545960257254,,0.23040000324177234,0.01295981261434683,,0.4801507975707948,0.008501576557324362,,0.6489031297974353,0.011171157520620348,,-0.480031026001202,0.025229677845557817,,1.5044936702739793,0.032555105975394925,,1.8913882892085723,0.09996984592484916,,0.1931704017617121,0.013065376760644475,,0.42773413568382646,0.008743766060357849,,0.39676773826530953,0.0019048267664807193,,0.20523574641365752,0.0016433611989376722,,0.28242558529630885,0.002335314935329795,,0.6685370724298515,0.0029343818171785234,,0.43364016350857415,0.0026324958983540395,,0.2573255137440805,0.0006648755214614941,,0.31950356328836693,0.0015591581954075798,,0.16316310022052638,0.001410099011344961,,0.23053353313333222,0.00200383536033129,,0.5459347540214565,0.0023986431847953164,,0.4254152772765322,0.002571883966345489,,0.19796330032900591,0.0006299065719322129,
del_Boo,4880.0,2.48,-0.36,1.5,100.0,0.2,0.2,0.4030405844443661,0.02011009159408979,,0.0001951784109485155,0.04795388663905929,,0.47550832650599184,0.05569098107515387,,0.6945989856958085,0.0157904426897103,,0.3184812044198498,0.011372268089147682,,0.18899040766646252,0.003803688161287172,,0.3387957500477379,0.01648030834796181,,0.00928400637658966,0.039657810507873044,,0.38894716793652206,0.04605576304113945,,0.5724279333685782,0.010520207522797129,,0.32835751278915704,0.009592156493596817,,0.1504763410289878,0.0038715541072930878,,0.3945871269552763,0.02858919636417416,,0.01719517801803938,0.07069899640221143,,0.4449891963610595,0.08171699420476393,,0.6651966270994762,0.009089311087033283,,0.31735395936816063,0.007079332290392934,,0.17462610135562828,0.005457209613376173,,0.3216007876475274,0.023682499309738144,,0.012165499850157024,0.060726101007846305,,0.36486034243161436,0.07018989033720041,,0.5532079243060836,0.004549468048796834,,0.3072558327889326,0.004072490989691225,,0.1336224214691321,0.004833412894773797,,0.412748360914755,0.01548529136177252,,-0.0183162186595065,0.04213826172465526,,0.5006854405956678,0.04835218170338544,,0.7096717724634072,0.011949220565094364,,0.31689211564000286,0.008321507320444342,,0.1942591304783855,0.002762724538093825,,0.3395430628482027,0.013057907132027953,,-0.022424462571152864,0.0362511064437615,,0.42042858504819963,0.04159688001273594,,0.599700158062164,0.009742241101406023,,0.3041718074916521,0.0075840880214951565,,0.15091040241149034,0.0025490136815735404,,0.4124059339354602,0.015313033412789964,,-0.013820428025782166,0.04169003353374887,,0.49506581060969174,0.04783784294246371,,0.7025916918760883,0.011209611188013424,,0.3214028311609248,0.008042688272512356,,0.19398768906081876,0.0028413048115221175,,0.33976570202845124,0.012907155201593652,,-0.018109012217603304,0.03579252240926069,,0.4156747460242529,0.041070670278138516,,0.5929629292463151,0.009117105412500836,,0.30972446549577687,0.007360597087183297,,0.1509680563198707,0.002625138820753607,,0.6098971570295194,0.010231471168096347,,-0.39753708914737623,0.024328042491395432,,1.3425747112181927,0.03139168111912166,,1.8794679524806106,0.08980257814673603,,0.18046816388018525,0.010903252178245715,,0.3937151451060575,0.007175841286843108,,0.560091658954138,0.010934427981355929,,-0.4862736756307351,0.02728907998428552,,1.3944568994680349,0.03521245479858462,,1.9510675401640234,0.10866935780141938,,0.1582588032684542,0.010915153305798175,,0.3525562208691092,0.007289051134060224,,0.35169613356928137,0.001754070338174237,,0.16999698804153787,0.0016349210097125863,,0.26421314951764974,0.002293267537731663,,0.6015602496733009,0.0028154213755827977,,0.42006695594545174,0.002726684661275369,,0.21871362705621572,0.0006571846502705808,,0.28978431640887836,0.0013832878344850143,,0.14660675309342427,0.001305102138506043,,0.20819797935461978,0.0018306379031638679,,0.48023205480064074,0.002033778621279054,,0.4388171775542123,0.0026085764065502705,,0.173355883560457,0.0006517710968762545,
eps_Gem,4315.0,0.76,0.11,5.29,100.0,0.2,0.2,0.4792796182453679,0.02120258284044402,,0.051037253148996695,0.0484777968131913,,0.5054862447975229,0.05629866800636868,,0.7499276156315265,0.011132857839842015,,0.3713895698149285,0.009216186030254966,,0.2394753590720935,0.004875306406113761,,0.39551447588774635,0.018185788700299656,,0.033345442941942555,0.04457806318005491,,0.4274949878801479,0.05176979548231331,,0.6405772737837765,0.00718363705187422,,0.35101357036848985,0.0064269926607213815,,0.18374721654550946,0.004465053161930136,,0.5035078516471493,0.030724632899224693,,0.09397737371975923,0.07317186380256371,,0.48288427528409156,0.08457525575254969,,0.7477661749471967,0.005080952548863704,,0.39240057038421816,0.004761653041625849,,0.24581540960586457,0.008060164455727922,,0.39756327613646225,0.028357051289188525,,0.032614140714421036,0.07628502152766613,,0.4303176694020445,0.08817357419923098,,0.6689081824480106,0.006571304149263503,,0.3180330878081964,0.005105073950052191,,0.17622916010037362,0.005401733083044914,,0.4849175328658418,0.015642327725791275,,0.04292414598462535,0.039291938292573866,,0.5133793526987571,0.04508612886120986,,0.7385191349169463,0.00816200470929205,,0.3848659811654,0.0072070028557431895,,0.24188583571204475,0.0039282639758642995,,0.39477689533330257,0.013969630140275484,,0.0058085509476130115,0.03796840737270498,,0.4517902813968605,0.04356742708599671,,0.6473603715865965,0.0068063890432776926,,0.34112408517873266,0.00576443461970628,,0.182794316540653,0.0031681662772051295,,0.48392700909189545,0.015642514408969025,,0.042238111477315154,0.03945431048982664,,0.513025683905444,0.04527244478412344,,0.7381656491049053,0.008093348336474543,,0.38385365999260473,0.007122419657715423,,0.2411870566351116,0.0039065203124036526,,0.39460213405651656,0.0139411215695247,,0.006718606795631521,0.03802952339375918,,0.45053025783284784,0.04363756128486201,,0.6464478041680232,0.006569584132487573,,0.3416425440980075,0.00558375813084109,,0.18267866779010905,0.003174169989485143,,0.8258777376110252,0.01040444959489595,,-0.2560925407236772,0.021967540767652352,,1.4419064449183314,0.028345808544775128,,1.5770727934485258,0.0586948844462021,,0.32786821815164785,0.017585584264447236,,0.612826516962004,0.011735893816891906,,0.7774567966803901,0.011685004350124931,,-0.4315007842275072,0.024993595476547434,,1.6111382747194662,0.03225047717275313,,1.7077130680031056,0.08277827624259979,,0.27301746010966554,0.018209930124052552,,0.5541712125123445,0.01209279859659356,,0.3958229848730237,0.0018195256382358817,,0.22524998054815382,0.0013090426085518008,,0.2576972547557625,0.001901809538926493,,0.6362451402821572,0.0029760745513648878,,0.47022570932367125,0.0030592651138095766,,0.2618078941583392,0.0007973427737833933,,0.31175928908674594,0.0014977302678111431,,0.17205774343107055,0.0012034378099330528,,0.21105745859119568,0.001748384268688523,,0.5171694927296022,0.0025702754989254156,,0.45029937167462614,0.0030768488943222006,,0.19654045197215353,0.0007073144588249455,
eps_Leo,5576.0,2.34,-0.09,3.71,100.0,0.2,0.2,0.3670712065885975,0.018856748987851966,,-0.008362176309443692,0.046277483415709,,0.44315187598539296,0.053743367613882105,,0.6521418685578344,0.015100839269551006,,0.3040181836282381,0.010863888454619117,,0.16722682489427732,0.003484909046537154,,0.3107715541332535,0.015334462654115368,,0.004424344720887707,0.037045532364403354,,0.36160434411113185,0.04302202779672025,,0.5317623866411445,0.010357826093137285,,0.3219715737290048,0.009892440708733546,,0.13504682444257496,0.0036116738996206867,,0.34463420088823093,0.027227973756087227,,-0.00851581735778173,0.07152051004873204,,0.41640511712439754,0.08266655233439012,,0.6371673513023485,0.009741987329327968,,0.2750298005552899,0.006496667087687254,,0.1466318450072386,0.0040890793845006,,0.2855929565436036,0.022209671332815154,,-0.0015708164065484365,0.05891209230813098,,0.3385996305182043,0.06809326895817755,,0.5201739931944966,0.0053524612104785775,,0.28126115657109546,0.00450868126823775,,0.11554511428119092,0.0039676122899949045,,0.350368557349368,0.014155810168157404,,-0.03663747993302021,0.041716613702697504,,0.4495110451697602,0.0478683668335586,,0.6561184267953766,0.010864658765972321,,0.2788260635223728,0.0068608301045041484,,0.15730780965687197,0.0021634538963449016,,0.2932046963721252,0.01183646037502975,,-0.032398596867126095,0.03400106246747905,,0.3781911985220804,0.03901503341372151,,0.5463257000077346,0.010378568752689662,,0.2809168527831464,0.007951530157495407,,0.12608391955680048,0.0021377935284820227,,0.35203160631948305,0.013952915699790918,,-0.02990144651035538,0.0409132828999341,,0.44361872783871703,0.04694656608388877,,0.6452727568101948,0.009674099794537316,,0.28772018124002396,0.0064835355474849666,,0.15814681903806393,0.0022932038747556075,,0.29403901517043257,0.011673389991357171,,-0.02721247769656676,0.03347277944388798,,0.37313654046605005,0.03840884252374211,,0.5379946979974505,0.009382489948146113,,0.28853234125192795,0.0075710854724667384,,0.12643184404727364,0.0022249232939444015,,0.6008280076517949,0.011289528770721752,,-0.5027621540668477,0.027195451752159473,,1.470718557993116,0.03509164164850464,,1.9460480820572579,0.10955361199579547,,0.1715384081118461,0.012108230218781503,,0.38586894552012047,0.008161531373783403,,0.5635889316562448,0.01185773472651813,,-0.5706953940818267,0.029611256850474176,,1.5116236665898488,0.03820887492322183,,1.997771933978076,0.12483757142252021,,0.15606950687626253,0.012051912085716664,,0.3556516478383861,0.008241508459631121,,0.303593801594693,0.0015444179178196265,,0.14489845556050177,0.0013883253678973093,,0.2319726009948824,0.0019570886822369974,,0.5368531465864181,0.0025079878403718556,,0.403404560390463,0.002572385816258397,,0.18488267090718488,0.0005696106484078237,,0.25686243985276225,0.0012079658921628983,,0.13272644740618078,0.0010840515818329472,,0.18145553574702797,0.0015281612889132671,,0.4274863590486848,0.0016614981336999601,,0.4382500410103916,0.002377539585689792,,0.15187953112993174,0.0005826569299171874,
eps_Tau,4921.0,2.47,0.14,2.458,100.0,0.2,0.2,0.41524190227454916,0.019830985714201575,,0.01670065264492572,0.04653856808770198,,0.47042781435275416,0.054046587355382,,0.6892514574729963,0.012997464034231722,,0.33765913736205333,0.010234118954652089,,0.19645481498091438,0.004222080682997598,,0.34820909548144596,0.016307127821933446,,0.022821655978431433,0.03961752672872793,,0.38407894261175796,0.04600898173503334,,0.5716284322644605,0.007590772655445577,,0.34353813160493896,0.007383171696457435,,0.15560379688976966,0.0041660979382381605,,0.3945871269552763,0.02858919636417416,,0.01719517801803938,0.07069899640221143,,0.4449891963610595,0.08171699420476393,,0.6651966270994762,0.009089311087033283,,0.31735395936816063,0.007079332290392934,,0.17462610135562828,0.005457209613376173,,0.3216007876475274,0.023682499309738144,,0.012165499850157024,0.060726101007846305,,0.36486034243161436,0.07018989033720041,,0.5532079243060836,0.004549468048796834,,0.3072558327889326,0.004072490989691225,,0.1336224214691321,0.004833412894773797,,0.4289355519661252,0.015295244343826203,,0.0003560548511397643,0.04025855391016025,,0.49779899591640464,0.04619539756202136,,0.7046661322790458,0.010123068444034662,,0.34019816601130975,0.00784585385236362,,0.20432296257380214,0.003163520436400785,,0.35174259771620153,0.013035147664850413,,-0.010124080936258828,0.03594038020958415,,0.4203114532053147,0.041240340847761674,,0.6007562278993138,0.007506337621932457,,0.32010166877205337,0.0062629711635553195,,0.15761061004652716,0.002782521401049148,,0.4280493749210956,0.015181960596865806,,0.0027198303265321133,0.039997058631649984,,0.49402415236145336,0.045895209360852035,,0.7002036204742814,0.009797352870668167,,0.34251353574404086,0.007715752894839683,,0.20372330907879246,0.00320830121897761,,0.3515743319741561,0.012907240537608718,,-0.006718745402035875,0.03559843906548011,,0.41616068435830034,0.04084797604850875,,0.5954476659161864,0.007080848986714202,,0.3242798225537721,0.006069987574294025,,0.15746437844622507,0.002841771941602542,,0.5598181792144082,0.009524242448246397,,-0.33790430130373883,0.024320359270228197,,1.1963654236622607,0.03138176705169486,,1.8616796405584202,0.0842717577216355,,0.16503402571464418,0.009309746756905667,,0.3517192853780628,0.00593310410024603,,0.5075228985366679,0.010164409281906239,,-0.41494838037284154,0.02729834188524232,,1.2293473400164432,0.035224405887919225,,1.9134087808835534,0.10221427355927479,,0.14484203494370068,0.009462769278091906,,0.31130818458737186,0.006077446165983037,,0.35541845012369433,0.001805614214991752,,0.16358458661852923,0.0018289045814302938,,0.2756093170086707,0.002536987121264288,,0.6250984930631606,0.00253207458505685,,0.40050207369525764,0.002239271102900109,,0.2190487290912601,0.0005780210007906326,,0.2931494355182821,0.001433002055847143,,0.14116728017455493,0.0014848259316249705,,0.21835403439661316,0.002059694259388519,,0.5004347652986929,0.0018083157616872532,,0.4172221541563608,0.0021044516957313725,,0.17374886077697813,0.0005835461069723746,
eta_Boo,5901.0,3.78,0.25,1.71,100.0,0.2,0.2,0.335280431732512,0.017963354309146445,,-0.020002593440930694,0.045381815228112535,,0.41936692618602245,0.05270321564864122,,0.6244032585413981,0.015423830906837568,,0.2833699180202464,0.010528469211085387,,0.14914371405162935,0.0030321088048839754,,0.2866314722261777,0.01460227461784741,,-0.004060217889950479,0.03585643882506346,,0.34312498004160463,0.04164111082735757,,0.5060757098100783,0.010533622428786634,,0.3068635883555064,0.009891563305804265,,0.12241193085889314,0.0032217076843686454,,0.3194110608807379,0.02520018243314242,,-0.006639590082558877,0.06670462618050525,,0.384451804952486,0.07710016312799889,,0.5903055008901521,0.008354249247716371,,0.2751681453198161,0.006017622905323539,,0.13301810438283893,0.004029754579930146,,0.26518866550389086,0.020509376285812318,,1.9654760390341863e-05,0.05438593829725067,,0.312665246643377,0.06286544140910375,,0.48004019798090747,0.0051061278593719775,,0.2839117569316741,0.004721298546482248,,0.10548983930067138,0.0038494735151808606,,0.3415882654302441,0.013970196550975903,,-0.042609940691393344,0.040175363918555376,,0.44624972294789167,0.046099827323363596,,0.6460212597711775,0.012969863995781804,,0.2748953029239656,0.008159377175915219,,0.15240776487542418,0.002135763957455509,,0.2882688490577828,0.011533995301870032,,-0.03134844755148958,0.03207020505256553,,0.3712384112649235,0.03679944043987726,,0.530088801141707,0.0106304322192147,,0.28644432602715597,0.008619811816607956,,0.12346173984407276,0.002195916082558917,,0.3431664100178469,0.013768950720542268,,-0.035562479735669505,0.0395675672601099,,0.43989706096571857,0.04540240114599491,,0.635342971521859,0.01149962237844454,,0.28355615711543114,0.007673155211893427,,0.15318585047252967,0.002253558405845583,,0.2888525171781374,0.011388737758862972,,-0.026680829950697094,0.03169355204255324,,0.3664948559696162,0.03636724374521977,,0.5230638415416238,0.009721134616969999,,0.2930240301448675,0.008241105589210644,,0.12368844030162678,0.0022677764624704634,,0.42883153747615954,0.008384502955330077,,-0.24851069429325903,0.02521046122807568,,0.9026718651430302,0.03253030982699258,,1.7540774936650738,0.08322352212403482,,0.13106321540887014,0.007511033203297371,,0.25181938448539154,0.004185307059696493,,0.3861467263801187,0.008765691193920528,,-0.28212826259112284,0.027446530780574713,,0.8905882468184338,0.03541562138811504,,1.752177898678531,0.09623770417369547,,0.11849627625157029,0.007777189822105082,,0.2237365198102374,0.004333948376459529,,0.3051544180179214,0.0016562233388898529,,0.12124264152760855,0.0018247536925419987,,0.25744929677714307,0.0024698568437543215,,0.5534681173626637,0.0021113397501181493,,0.3743747490694475,0.0019797816503474555,,0.1764182388974389,0.0005169197081011284,,0.25822941019514856,0.0012983899548100232,,0.11433018310478978,0.001462281585739868,,0.20143764319900195,0.0019792403753917877,,0.4402618975879311,0.0012687188842061688,,0.407830089272005,0.0016689403057569897,,0.1445700569852952,0.0005337927526199346,
eta_Cyg,4770.0,2.64,0.02,0.9,100.0,0.2,0.2,0.4331307974621981,0.020385214101469467,,0.02278013524575177,0.04744137744837421,,0.48436734014807853,0.05509503801898862,,0.7099162464965928,0.01312335825193842,,0.3445017915519104,0.010318629900088585,,0.20802434372929313,0.0043605729459998575,,0.36312808947998554,0.016997419839925768,,0.02365190804559192,0.0411160054658321,,0.4007089374573979,0.04774920823921652,,0.5954612017414088,0.008241499154955095,,0.3441562591146152,0.007714812392362322,,0.16427841552580294,0.004251290072103392,,0.3945871269552763,0.02858919636417416,,0.01719517801803938,0.07069899640221143,,0.4449891963610595,0.08171699420476393,,0.6651966270994762,0.009089311087033283,,0.31735395936816063,0.007079332290392934,,0.17462610135562828,0.005457209613376173,,0.3216007876475274,0.023682499309738144,,0.012165499850157024,0.060726101007846305,,0.36486034243161436,0.07018989033720041,,0.5532079243060836,0.004549468048796834,,0.3072558327889326,0.004072490989691225,,0.1336224214691321,0.004833412894773797,,0.4346770214621085,0.015457118617736958,,0.0010974340138641958,0.04045258258359353,,0.5036066464856563,0.04641790427757473,,0.7119369108057568,0.010511221431679825,,0.3418454513048137,0.008118955831364651,,0.20804202633163948,0.0031901060397770413,,0.3562520019919005,0.013209432356630553,,-0.010751846212755156,0.03628041864768151,,0.4262783179573716,0.041630507522328886,,0.6082994544119477,0.007950399404193426,,0.32024029675693366,0.006555182070790442,,0.16019820738578175,0.002797934902277775,,0.433635866752877,0.01534874344897638,,0.0032887748027808916,0.040265233406856844,,0.4998520780512934,0.04620295490248505,,0.7077194724652323,0.010155856261315164,,0.34377003815152407,0.00795443462093208,,0.20733944108217012,0.003227342275638542,,0.3558258644833129,0.013101228246267126,,-0.008151422273288356,0.03599281031241745,,0.42276294174769946,0.041300499958423664,,0.6037500228104867,0.007618383710401054,,0.3233746722372387,0.006415753270325669,,0.1599154657425948,0.0028426999336399424,,0.5775519600193,0.00962985823171362,,-0.3445901856292008,0.024007952317152165,,1.228908713693519,0.03097865286854169,,1.8608986165745214,0.08379465215393272,,0.17105755315231924,0.009653510113836366,,0.3663426557123168,0.006204696240881135,,0.524863924986126,0.010307044547189224,,-0.42720629912758545,0.027067758564184686,,1.2687928859643338,0.03492687278719407,,1.9223257656600716,0.1023873321031224,,0.14945515788197283,0.009776813631394807,,0.32460413302336916,0.006350403387641338,,0.3623708492678732,0.0018495361020868888,,0.16697217277758075,0.001839790221398342,,0.2813653774994554,0.0025572791734788593,,0.6329832857886616,0.002797677850064414,,0.40488181850766375,0.0024752007056937225,,0.22462435717552118,0.0006093981677300174,,0.2986124301854177,0.0014694939508525817,,0.14359136241817577,0.0014910245668944037,,0.2232234221490587,0.00207250045585997,,0.5074413782310989,0.002026570178200199,,0.4204946194111852,0.0023469888071240346,,0.1778096293969894,0.000613728694598558,
eta_Her,4994.0,2.53,-0.22,2.0,100.0,0.2,0.2,0.40657537647507247,0.020027662295698925,,0.00489601264602646,0.04747748333522461,,0.4741319649720501,0.05513698582400188,,0.6926286049928089,0.01500226084097889,,0.3242249909710433,0.011107292252545933,,0.19113435538103343,0.003928965889418012,,0.3414884616018929,0.016422402226863107,,0.013119319072845248,0.03950978402409337,,0.3875984710286635,0.04588385428759792,,0.5716804606050568,0.009747413906603868,,0.33311774350897133,0.009079591909401104,,0.15193075533371816,0.003963861323899936,,0.3945871269552763,0.02858919636417416,,0.01719517801803938,0.07069899640221143,,0.4449891963610595,0.08171699420476393,,0.6651966270994762,0.009089311087033283,,0.31735395936816063,0.007079332290392934,,0.17462610135562828,0.005457209613376173,,0.3216007876475274,0.023682499309738144,,0.012165499850157024,0.060726101007846305,,0.36486034243161436,0.07018989033720041,,0.5532079243060836,0.004549468048796834,,0.3072558327889326,0.004072490989691225,,0.1336224214691321,0.004833412894773797,,0.40762639561989933,0.015307183870426707,,-0.018410727470876465,0.04168664304763273,,0.4948460096478724,0.04783396401963306,,0.7016714082912098,0.011691652839233072,,0.316330671237303,0.00821467255173627,,0.19105351192460351,0.0027609762726838686,,0.33584385834547603,0.012845035105182097,,-0.020331058735209906,0.03560973684332708,,0.41370042308415156,0.04086092720403515,,0.5901287468716621,0.009227330740635345,,0.3065368474186817,0.0073785987352436525,,0.14881253895772267,0.0025715250341113143,,0.40755220831495287,0.015139624286557282,,-0.014062669579606224,0.04111529232188707,,0.4897095288764829,0.047178372766630804,,0.6945270869517316,0.011130432215119083,,0.3212585939349361,0.008073571782923436,,0.19094909063344045,0.002849269348755573,,0.33643941918553216,0.012690522999268039,,-0.01576541224456096,0.03503459358820385,,0.4090891245653172,0.04020097630620649,,0.583165527101516,0.008688492362450574,,0.31295923511334944,0.007236315486427184,,0.14906930343959335,0.0026609717199743083,,0.5591952095473869,0.009715552155596718,,-0.3575484205444505,0.024769804665606077,,1.221714288251253,0.03196170877693085,,1.875590999262474,0.08765870173196792,,0.16367526776110855,0.009520783963493672,,0.35128082376094794,0.006110843666492831,,0.509057804207045,0.010322284869636069,,-0.430342258518943,0.027628121566240976,,1.2519077759598294,0.03564993699061649,,1.9233947998303713,0.10480947272815903,,0.14466841102470462,0.009639542893823821,,0.3126137103147201,0.006231615821338435,,0.34407384600269125,0.001683912255557417,,0.16545666285613592,0.0015489682031562058,,0.2575851497433546,0.0021562521939569573,,0.5861316445876136,0.0025416151120605376,,0.419857526544531,0.002537666059574693,,0.21136166568988904,0.0006289304914305859,,0.2852461450465262,0.0013288679663141635,,0.14453098321578553,0.0012561159864241576,,0.20292636682302376,0.0017485851850901578,,0.46921016736179977,0.0017792661368079875,,0.4407650462674773,0.0023617798116960125,,0.16885382573189314,0.0006225971184077791,
eta_Ser,4948.0,3.18,-0.19,1.6,100.0,0.2,0.2,0.40657537647507247,0.020027662295698925,,0.00489601264602646,0.04747748333522461,,0.4741319649720501,0.05513698582400188,,0.6926286049928089,0.01500226084097889,,0.3242249909710433,0.011107292252545933,,0.19113435538103343,0.003928965889418012,,0.3414884616018929,0.016422402226863107,,0.013119319072845248,0.03950978402409337,,0.3875984710286635,0.04588385428759792,,0.5716804606050568,0.009747413906603868,,0.33311774350897133,0.009079591909401104,,0.15193075533371816,0.003963861323899936,,0.39724950234530404,0.028425049069808188,,0.018378331078111043,0.06770112006256342,,0.446733370938617,0.07825193994390717,,0.6590209813181006,0.012739146376709396,,0.32574257904263704,0.010388746763759343,,0.17614033634901927,0.005814296908440998,,0.3255834288037235,0.02358041626565272,,0.014057538353169252,0.05813710723150769,,0.367325420199651,0.06719743102637167,,0.5485180563908593,0.007705169409888136,,0.31768510751452916,0.007288567813979032,,0.1356071941479186,0.005162230543028623,,0.4137460086152174,0.015379030074535009,,-0.015527486462961898,0.041288608413293695,,0.49860508377637186,0.0473772372503546,,0.704595239666948,0.011896793966918513,,0.3216170423229959,0.0085193778358393,,0.19483975839791493,0.002856019123494466,,0.3408497301461542,0.012925384216693541,,-0.018212164638331085,0.03552388807677371,,0.4170536654382455,0.04076242697380764,,0.5935771065492723,0.009194556542987842,,0.31074438568801893,0.007449426370434621,,0.15156657818739203,0.002643321252288112,,0.4134925494701348,0.015219795411559048,,-0.011366687125720976,0.040846339341208,,0.49347787861055614,0.04686975105656753,,0.6981152263124141,0.011284042453483575,,0.3259375124348507,0.008309828121026767,,0.19462776985115368,0.002932605958926846,,0.34111639810846106,0.012781660467841944,,-0.014113776423520408,0.0350530141036702,,0.4126030927854516,0.04022209693903927,,0.5873096803030609,0.008679225184347421,,0.3161997951930059,0.007281455183753819,,0.15165159303557926,0.00271924912542161,,0.5466507242939772,0.009305676153019374,,-0.3188653378323429,0.024212791383099102,,1.153444981870176,0.031242966895389145,,1.8498585664165936,0.08223052853623895,,0.16165917139044783,0.00892700346569638,,0.34099014584525905,0.005613091473758029,,0.494518303087234,0.009900507182201118,,-0.38896361296359505,0.027122856962437724,,1.1773874884892643,0.034997968999187425,,1.894647332340676,0.09939831695104676,,0.14215196052384116,0.00909816326285863,,0.3013048412195646,0.005749054574788205,,0.3578204655533655,0.001869689661715007,,0.15786683053841655,0.0019597204063476355,,0.28571306436053906,0.0027042806196045663,,0.6303965919640963,0.0027888076775956254,,0.3973275584950638,0.002435532567198898,,0.21914482716741818,0.0006049071635939996,,0.29658169068329476,0.0014786307720683139,,0.1386917591318864,0.0015792403703033624,,0.22560838329983007,0.0021792440941546132,,0.5042452519367856,0.0019507340771650458,,0.4172815224490015,0.0022671441176149595,,0.17457813706731898,0.0006181832581406352,
gam_Cep,4684.0,3.2,0.15,1.27,100.0,0.2,0.2,0.43761468940144854,0.020340501515361892,,0.027930386594000045,0.04719787083507856,,0.4835807883815172,0.05481225454825291,,0.7104272483421613,0.01238410738384739,,0.3498079472409149,0.009941997604590564,,0.21092659110881623,0.0044781971129224316,,0.3642160839362265,0.016886328973038607,,0.02753893515952277,0.041175651457287465,,0.397405026497863,0.047818476038658304,,0.5934489599230286,0.007218147625526963,,0.34765188717522566,0.006876847532507501,,0.16485831720238556,0.004313234527375843,,0.4548599591146343,0.029557623547543294,,0.056881686125347275,0.06739978951645934,,0.46926287554077684,0.07790364262216579,,0.6997847119928442,0.010479352043645031,,0.3692190452924422,0.009614576401556224,,0.21207170008713022,0.00741794725612487,,0.37064509487192737,0.025823363887262394,,0.02895132824578006,0.06329209945504426,,0.4028968743246166,0.07315577844686039,,0.6043248347914387,0.006650985990987338,,0.3349126481913993,0.006150845314505887,,0.16024327952061784,0.005943589680884412,,0.45019038943301437,0.015386679717612057,,0.01704553447312296,0.0394903286444235,,0.5031017018772842,0.04531377198611782,,0.7144830422496876,0.009363126126995027,,0.3595613146879834,0.007745338896240504,,0.21811886513061268,0.0035044527501626173,,0.3687493687929292,0.013316264946282968,,-0.0017251588079929547,0.03633616907808566,,0.4303095508519825,0.04169444716998764,,0.615186135674367,0.007042390507678116,,0.33199474097650145,0.006039896237382164,,0.16731468031792904,0.0029933755668683473,,0.44927766331251084,0.015306536215178065,,0.01846087114056072,0.03932141031314049,,0.5003976401925885,0.04511995010710637,,0.7113789907768319,0.009183177971259249,,0.3609203453850436,0.007671090661617888,,0.21749261893083452,0.0035340265207900613,,0.3684525298249175,0.013232861811875156,,0.00044141843181921825,0.03617667137985546,,0.4274482686096571,0.04151127559864564,,0.6119661516168302,0.006718072778704714,,0.33431113453067435,0.0058492006326595165,,0.16711158895560377,0.0030267386690759008,,0.5521054887251505,0.009018478329265922,,-0.28821654139656344,0.023407396358831555,,1.1198697184385753,0.030203725708584758,,1.8255189027073575,0.07664763773473061,,0.16554934114518846,0.008666376900219222,,0.3452642787316252,0.005389072728960044,,0.496670325317212,0.009666322128843165,,-0.3657662760029449,0.02648643381683606,,1.1493410837913018,0.034176760627298096,,1.8790497955139323,0.09500748302006998,,0.14378452084916069,0.008882399127908273,,0.30264745399857296,0.005559768566325927,,0.37187763620874936,0.001916054354458441,,0.1661812851794511,0.0019894036757453744,,0.2938244357939451,0.002744695923840205,,0.6587839909034776,0.0026408550704868903,,0.39449829548772336,0.002184352269193377,,0.23003336207508823,0.0005637142026619295,,0.3065345905098291,0.0015392238100219511,,0.14158236085304107,0.001633690592708652,,0.2356239941648767,0.002253933661048695,,0.5322655554536087,0.0019433353082521322,,0.40545413807069886,0.0020601133967723486,,0.18196485055941045,0.0005725609726561971,
gam_Tau,5124.0,2.63,0.12,2.7,100.0,0.2,0.2,0.41524190227454916,0.019830985714201575,,0.01670065264492572,0.04653856808770198,,0.47042781435275416,0.054046587355382,,0.6892514574729963,0.012997464034231722,,0.33765913736205333,0.010234118954652089,,0.19645481498091438,0.004222080682997598,,0.34820909548144596,0.016307127821933446,,0.022821655978431433,0.03961752672872793,,0.38407894261175796,0.04600898173503334,,0.5716284322644605,0.007590772655445577,,0.34353813160493896,0.007383171696457435,,0.15560379688976966,0.0041660979382381605,,0.3945871269552763,0.02858919636417416,,0.01719517801803938,0.07069899640221143,,0.4449891963610595,0.08171699420476393,,0.6651966270994762,0.009089311087033283,,0.31735395936816063,0.007079332290392934,,0.17462610135562828,0.005457209613376173,,0.3216007876475274,0.023682499309738144,,0.012165499850157024,0.060726101007846305,,0.36486034243161436,0.07018989033720041,,0.5532079243060836,0.004549468048796834,,0.3072558327889326,0.004072490989691225,,0.1336224214691321,0.004833412894773797,,0.40711573036917514,0.01515006852217483,,-0.015225619842001992,0.040934921527814735,,0.49055333300192916,0.04697140079496188,,0.6949545374907536,0.0111056936829799,,0.32042379937305365,0.008021382747852603,,0.1906859304283077,0.0028327837933383197,,0.3356734404771006,0.012686763038479598,,-0.01616045179584713,0.035148803404001984,,0.40865827998345117,0.040332030728510666,,0.5836902096412269,0.008199844336891707,,0.31143083955967865,0.006776848386229869,,0.14865302186902055,0.002629716889884682,,0.40635557599255817,0.014996597695932548,,-0.011693325197083215,0.04052702216525266,,0.4855676163162427,0.046503349925107164,,0.688561700688808,0.010580484196925026,,0.32409166679242807,0.007837093029910223,,0.19016744595066926,0.0028975337856776994,,0.33577989420523424,0.012550951880295862,,-0.012417535921395828,0.03471186455510111,,0.4044344914354002,0.039830651702109206,,0.5777497155363144,0.007754173528440897,,0.316491146518017,0.006621558154297689,,0.14865290236843007,0.0026986757608584433,,0.5317326534771325,0.009419474359914073,,-0.3323208494913358,0.02496179739274735,,1.1514958771239405,0.03220944651414485,,1.8610548119236963,0.08620470622851839,,0.15591919316218347,0.008923781747008268,,0.32920813817491174,0.00560228428829063,,0.4825078952121486,0.009958966753961311,,-0.3946941880060905,0.02767781017378496,,1.169018560605171,0.035714052686937045,,1.8956301007967067,0.10215783682297938,,0.13856014146201392,0.00908006455617548,,0.29252589051280814,0.005719057717730041,,0.34323854498330914,0.0017803431161877226,,0.15243889930031565,0.0018642022618936905,,0.27267462144074883,0.002573101197055922,,0.6121219801205022,0.002445717960601196,,0.39108580381628194,0.002152479106176795,,0.20870768727148675,0.0005560892003294174,,0.28621275404739843,0.0014023741990861784,,0.1360937493652206,0.0014896251421137618,,0.21453731017207522,0.0020560838881374032,,0.48771643615630683,0.0016620026638842534,,0.41629396838721766,0.0019880104408301624,,0.16777753852342706,0.0005763503546939824,
HD_220369,4131.0,1.24,0.11,1.5,100.0,0.2,0.2,0.4792796182453679,0.02120258284044402,,0.051037253148996695,0.0484777968131913,,0.5054862447975229,0.05629866800636868,,0.7499276156315265,0.011132857839842015,,0.3713895698149285,0.009216186030254966,,0.2394753590720935,0.004875306406113761,,0.39551447588774635,0.018185788700299656,,0.033345442941942555,0.04457806318005491,,0.4274949878801479,0.05176979548231331,,0.6405772737837765,0.00718363705187422,,0.35101357036848985,0.0064269926607213815,,0.18374721654550946,0.004465053161930136,,0.5035078516471493,0.030724632899224693,,0.09397737371975923,0.07317186380256371,,0.48288427528409156,0.08457525575254969,,0.7477661749471967,0.005080952548863704,,0.39240057038421816,0.004761653041625849,,0.24581540960586457,0.008060164455727922,,0.39756327613646225,0.028357051289188525,,0.032614140714421036,0.07628502152766613,,0.4303176694020445,0.08817357419923098,,0.6689081824480106,0.006571304149263503,,0.3180330878081964,0.005105073950052191,,0.17622916010037362,0.005401733083044914,,0.502345322152846,0.015591481389989458,,0.06081274704412665,0.038648970229343986,,0.512844117474948,0.04434834592962927,,0.7463124880387201,0.007392959536234402,,0.401407198724028,0.006870244111206717,,0.2543749120466252,0.004234114802495761,,0.4092540596718196,0.014271394025178335,,0.01179156571749762,0.038744729486115084,,0.46165631572253585,0.044458222574069464,,0.6632134834884922,0.006503666685830288,,0.34759969485103814,0.0055221060052649635,,0.19167649760375247,0.0032811306385379393,,0.5022084626806806,0.01570737057218334,,0.05779081034025735,0.03914668863094337,,0.5161951586074507,0.0449194591962857,,0.7497909620816291,0.007497274716633095,,0.39803846321699127,0.006849518708760546,,0.25429711721862475,0.004149786506593885,,0.4092543714709199,0.014314908794245204,,0.01095651540971998,0.03904227706749539,,0.46262659925262084,0.044799646792763104,,0.6651000068869254,0.006392881621928437,,0.3460216047621744,0.005377675414136544,,0.19169109948591254,0.003249147653379344,,0.868257715369095,0.01022460540214569,,-0.17346299741912585,0.02268285470377017,,1.3882671640550028,0.029268813639504947,,1.50384304045622,0.05077715005379828,,0.3758451071096882,0.01899650201267392,,0.6667430252061767,0.012826219369860576,,0.8201470501368644,0.011524201713594556,,-0.359101604359775,0.025312823570592353,,1.5715461589719766,0.03266239302933708,,1.621982692924985,0.07167452649902106,,0.31327325989491517,0.019712243012471205,,0.6030338724551283,0.01311779149813288,,0.41167797668509654,0.0019250958369569117,,0.23495690320007137,0.0013785062628812056,,0.26793936692997034,0.0020085699399492807,,0.649757122478017,0.003319586731741153,,0.4828312361936145,0.0034552507656141532,,0.2749928214531877,0.0009153194505727889,,0.3244988887691901,0.0016035172129477261,,0.17782597943926137,0.0012450082113406688,,0.22238121182953752,0.0018140549204752005,,0.5301246279511098,0.0030121191458752582,,0.46037078079029714,0.0036177080920717845,,0.2059804317988414,0.0008238264505778848,
iot_Cep,4779.0,2.61,0.01,2.15,100.0,0.2,0.2,0.4331307974621981,0.020385214101469467,,0.02278013524575177,0.04744137744837421,,0.48436734014807853,0.05509503801898862,,0.7099162464965928,0.01312335825193842,,0.3445017915519104,0.010318629900088585,,0.20802434372929313,0.0043605729459998575,,0.36312808947998554,0.016997419839925768,,0.02365190804559192,0.0411160054658321,,0.4007089374573979,0.04774920823921652,,0.5954612017414088,0.008241499154955095,,0.3441562591146152,0.007714812392362322,,0.16427841552580294,0.004251290072103392,,0.3945871269552763,0.02858919636417416,,0.01719517801803938,0.07069899640221143,,0.4449891963610595,0.08171699420476393,,0.6651966270994762,0.009089311087033283,,0.31735395936816063,0.007079332290392934,,0.17462610135562828,0.005457209613376173,,0.3216007876475274,0.023682499309738144,,0.012165499850157024,0.060726101007846305,,0.36486034243161436,0.07018989033720041,,0.5532079243060836,0.004549468048796834,,0.3072558327889326,0.004072490989691225,,0.1336224214691321,0.004833412894773797,,0.4346770214621085,0.015457118617736958,,0.0010974340138641958,0.04045258258359353,,0.5036066464856563,0.04641790427757473,,0.7119369108057568,0.010511221431679825,,0.3418454513048137,0.008118955831364651,,0.20804202633163948,0.0031901060397770413,,0.3562520019919005,0.013209432356630553,,-0.010751846212755156,0.03628041864768151,,0.4262783179573716,0.041630507522328886,,0.6082994544119477,0.007950399404193426,,0.32024029675693366,0.006555182070790442,,0.16019820738578175,0.002797934902277775,,0.433635866752877,0.01534874344897638,,0.0032887748027808916,0.040265233406856844,,0.4998520780512934,0.04620295490248505,,0.7077194724652323,0.010155856261315164,,0.34377003815152407,0.00795443462093208,,0.20733944108217012,0.003227342275638542,,0.3558258644833129,0.013101228246267126,,-0.008151422273288356,0.03599281031241745,,0.42276294174769946,0.041300499958423664,,0.6037500228104867,0.007618383710401054,,0.3233746722372387,0.006415753270325669,,0.1599154657425948,0.0028426999336399424,,0.5619112266345238,0.009369490611681987,,-0.32186522854430244,0.023899911258908287,,1.1777800113361994,0.030839242142488635,,1.849564611742355,0.08134393526908834,,0.1667636219300494,0.00915483796846768,,0.3533798165006913,0.005803405162710156,,0.50793708526608,0.010038436982623942,,-0.4023823903752723,0.026985972953864675,,1.213153029151487,0.034821340748619735,,1.9053156078414517,0.09994095748114912,,0.1454805546137843,0.009338048962552331,,0.3114961108688695,0.005968254923404817,,0.36162368173451415,0.0018079001566955275,,0.16898991134336513,0.001758531831768464,,0.2767585492893256,0.0024393687116496423,,0.6259055361284727,0.0026283146941995135,,0.4094026430751348,0.002387230822609258,,0.2236564205565278,0.0006058106114296107,,0.29738262086021483,0.0014408837311138919,,0.1441668479890786,0.0014425093359512605,,0.2201263829990784,0.002000994281729449,,0.5029997916249297,0.0019115795888914428,,0.4226036406497484,0.002249863075391802,,0.17667049361307485,0.0006010160451647545,
iot_Gem,4779.0,2.4,-0.1,1.89,100.0,0.2,0.2,0.43199204911948486,0.020563099566421977,,0.017955966552809684,0.04779301129946776,,0.48871751566774185,0.05550340130206662,,0.7141593185279025,0.014098706665727503,,0.33984672876770206,0.010811144227328338,,0.20734248894421647,0.004255278263003323,,0.36018960266958316,0.01699572374005037,,0.02075292715374355,0.04111509186736357,,0.40066229060505565,0.04774814906044907,,0.5943266258849741,0.00867101770872795,,0.34077972757459846,0.008020579994743132,,0.1626037344288681,0.004176337052776413,,0.3945871269552763,0.02858919636417416,,0.01719517801803938,0.07069899640221143,,0.4449891963610595,0.08171699420476393,,0.6651966270994762,0.009089311087033283,,0.31735395936816063,0.007079332290392934,,0.17462610135562828,0.005457209613376173,,0.3216007876475274,0.023682499309738144,,0.012165499850157024,0.060726101007846305,,0.36486034243161436,0.07018989033720041,,0.5532079243060836,0.004549468048796834,,0.3072558327889326,0.004072490989691225,,0.1336224214691321,0.004833412894773797,,0.4313536398824351,0.015521014038053558,,-0.0034654701746292815,0.04089485257407872,,0.5050463657321353,0.04692544962585524,,0.7135226964651724,0.010955066024692237,,0.3365399428384531,0.008257834559683997,,0.20593707654664647,0.0030960958788846904,,0.3536061443212871,0.013236778087920587,,-0.01409175069098878,0.03638648975111752,,0.42708446284751955,0.04175223003869395,,0.608846579709103,0.008504750786892782,,0.31616170982441927,0.006881502660738697,,0.1587314391213505,0.002737305550628104,,0.43068857058869997,0.015403086853664004,,-0.0008026295087886215,0.04059618655037577,,0.5011809666211562,0.04658272309279154,,0.7088816606203182,0.010596545544917142,,0.33919299519302887,0.0081298054663756,,0.20547487049904525,0.0031475846411677597,,0.3536520193220162,0.013110412838497515,,-0.010588768309684582,0.036014122483420286,,0.4230690013505197,0.04132495091142324,,0.6035196628059402,0.008055318869094974,,0.32052357771406476,0.006702587214821981,,0.15870512321748145,0.0028002840550686893,,0.5619112266345238,0.009369490611681987,,-0.32186522854430244,0.023899911258908287,,1.1777800113361994,0.030839242142488635,,1.849564611742355,0.08134393526908834,,0.1667636219300494,0.00915483796846768,,0.3533798165006913,0.005803405162710156,,0.50793708526608,0.010038436982623942,,-0.4023823903752723,0.026985972953864675,,1.213153029151487,0.034821340748619735,,1.9053156078414517,0.09994095748114912,,0.1454805546137843,0.009338048962552331,,0.3114961108688695,0.005968254923404817,,0.36162368173451415,0.0018079001566955275,,0.16898991134336513,0.001758531831768464,,0.2767585492893256,0.0024393687116496423,,0.6259055361284727,0.0026283146941995135,,0.4094026430751348,0.002387230822609258,,0.2236564205565278,0.0006058106114296107,,0.29738262086021483,0.0014408837311138919,,0.1441668479890786,0.0014425093359512605,,0.2201263829990784,0.002000994281729449,,0.5029997916249297,0.0019115795888914428,,0.4226036406497484,0.002249863075391802,,0.17667049361307485,0.0006010160451647545,
ksi_Dra,4504.0,2.31,-0.01,1.45,100.0,0.2,0.2,0.45424224938706503,0.020840598894706176,,0.0338970180103666,0.04800505588684869,,0.496164672426464,0.0557496590377965,,0.7296700110906472,0.012500816047858042,,0.3558156973670509,0.010008752470544016,,0.22210193988574753,0.004581829294224323,,0.380029631687664,0.01764668358630744,,0.027618436287188075,0.04270485028166841,,0.41597708948899814,0.049594379591598854,,0.6193161242730254,0.008185693840137903,,0.3475814923777086,0.007470768628593028,,0.17431749301091617,0.004375228562699485,,0.445089025740698,0.029682833646812616,,0.04826169677071901,0.06982282139822192,,0.4679057783405486,0.08070428671846168,,0.6994825566465064,0.008961236939634963,,0.3560500336417507,0.007809443940063247,,0.20573647905583925,0.0068537560846956315,,0.36018543262020475,0.025844105747482818,,0.02189965012205588,0.06586492064375565,,0.39887845403129996,0.076129562640214,,0.6050788307205966,0.004566364513046963,,0.3190093670149431,0.003938598882051985,,0.15450377209011276,0.005380789118473187,,0.4640712311094348,0.015664385617458143,,0.022457849953675446,0.03986891265686281,,0.5129379736083183,0.045748187757886326,,0.7293333189905619,0.009453034370117108,,0.3653529551961678,0.007838547893721322,,0.2274853254545138,0.0035865888336891944,,0.37890857219467,0.013705887978731145,,-0.0026400965388289066,0.037287795100625395,,0.4431722583979315,0.04278644046700924,,0.6326709940634289,0.0075609271352399315,,0.3315629411123938,0.006293828377815765,,0.173330710976678,0.0030038237478245355,,0.46273346749553224,0.015606458055258624,,0.023025177832371013,0.039861497476380875,,0.5107251883951769,0.045739674144604586,,0.7269393253728853,0.009286800917045583,,0.3655896517959067,0.007733284815363481,,0.22656348507316407,0.003593998745871184,,0.37836741850847344,0.01365495396997862,,-0.0015363537253725301,0.037257305166071376,,0.4412616955241938,0.04275143556115801,,0.630697504516179,0.007326485026879163,,0.33243969300681825,0.006140597496350054,,0.17299591865434144,0.003015271759591374,,0.6555419237505378,0.01006210001296537,,-0.3613535890420385,0.022722975967037963,,1.3551834304033328,0.029320584089558014,,1.8223547919925647,0.08074469342774823,,0.20316902405062323,0.011627823303459583,,0.4345174030611178,0.007625050197636394,,0.6017281247226847,0.010964990013262758,,-0.47785850502010574,0.02607540935659444,,1.438729835087113,0.03364639532567389,,1.9280470649069303,0.10351728894641772,,0.1733894906142219,0.01169288697543537,,0.3867059722399724,0.007827834215722326,,0.3824656817634473,0.0018934784226041948,,0.18851120184575587,0.001758856061541667,,0.2836140959979778,0.002480222152726588,,0.6618813574350587,0.0028516750803734606,,0.41547380885827323,0.0024620279276186467,,0.2440851883994447,0.0006125752853003417,,0.31070355174285597,0.001530464196469857,,0.15427352271461633,0.0014687928416177965,,0.22874316331462072,0.0020711942398735305,,0.5362193621306683,0.0022283692009280836,,0.41701740092603445,0.002385938452766859,,0.18992727850586624,0.0005998761651514938,
lam_Her,4070.0,1.89,-0.04,1.18,100.0,0.2,0.2,0.48054078618370755,0.020825466088491625,,0.06288194007601422,0.049381342256649724,,0.4929937296534893,0.05734798073461059,,0.7440876094515112,0.007655129791721474,,0.3777870425814592,0.006544684489938977,,0.24025220917249712,0.004987049341517113,,0.39608919599782577,0.01822996332462896,,0.03590292305196141,0.046254191481706314,,0.4251545888877367,0.053716329224226624,,0.64429771937281,0.004928994089478467,,0.348508247804056,0.004340323527037745,,0.18410060651507035,0.0043729179127962765,,0.49214936542182347,0.03002358722256912,,0.08880668434719785,0.06915665564750931,,0.47558814339187216,0.07993429917344158,,0.7287492609883552,0.006493164326127647,,0.39454948905934256,0.006293325396829442,,0.2375923103956618,0.008305924024358029,,0.39489251165422745,0.02782449976568318,,0.03268484412591832,0.07223260143134218,,0.42708514971511213,0.08348962140987083,,0.6543843425861378,0.0026620027458068188,,0.32603177609739664,0.002188975087593188,,0.17455641948069717,0.005681939384754207,,0.5008404122697336,0.01588309997202788,,0.051339612312181315,0.039525829848281006,,0.5220992830268543,0.04535451064981516,,0.7540172737892501,0.008131189214019854,,0.3924345610550415,0.007235079977832936,,0.25334033064931977,0.004028826966310032,,0.4086042464895586,0.014490652399764213,,0.0049568800145165515,0.03930245720660734,,0.46884009787179926,0.045098208274971595,,0.6709360552922967,0.007353421246880463,,0.3404056284389802,0.0059909203668264905,,0.1913567104892764,0.0031563709017935456,,0.5000711401888155,0.01595721886025453,,0.04876022521813517,0.03986221810102661,,0.5242017448275288,0.045740503546698986,,0.7559438972906002,0.008250536784262552,,0.38972840418001276,0.007248831532612332,,0.25279627701508367,0.0039661821872147935,,0.4079059388877242,0.014488375396667951,,0.004660083452753594,0.03945768595628277,,0.4683737373086544,0.04527632963528079,,0.670894778112853,0.007211474956654662,,0.3395137001717922,0.005853815413801435,,0.1909274931402489,0.0031376664873582847,,0.7110353322093066,0.009878090115089697,,-0.3104910579909228,0.021153687372330372,,1.3613548496979022,0.02729565309545282,,1.7353443179651002,0.06995098072700263,,0.23771894654627182,0.012777708925465179,,0.48817286152554545,0.008346010841289683,,0.6534445227810377,0.01098986698945782,,-0.4588716647877449,0.024738602410489013,,1.4823474468190299,0.03192144696773519,,1.8759035426397144,0.09627955031461674,,0.1964373562487552,0.012941120452278404,,0.4319621682987747,0.008620913168757238,,0.4156723405254333,0.002015547161753266,,0.2125314463790112,0.0018012882355202316,,0.29881791347590847,0.0025537695382141542,,0.7006676698777474,0.0029913402573857866,,0.4324318467861882,0.002558110250618087,,0.2718495517453774,0.0006636636502255638,,0.3330971584560195,0.001676215430043485,,0.16479063256129298,0.0015886581065414746,,0.24757695932699708,0.002252313983569096,,0.5787532120942227,0.002578007469862058,,0.41490307298647194,0.00253276340311747,,0.20740675409521622,0.0006257901136877265,
mu._Leo,4433.0,2.5,0.25,1.5,100.0,0.2,0.2,0.4615486367746412,0.020689429715924957,,0.044210482837317766,0.04763154598260541,,0.49261519655363384,0.05531589546588066,,0.7293501354184926,0.011026459778853578,,0.36540880352090527,0.009171367375160586,,0.22701797939438656,0.004799375864713035,,0.3823881829136687,0.017515669150423865,,0.03363540589438152,0.04297504601709547,,0.41165878017502155,0.049908166182256325,,0.6177004912010712,0.006623953729723586,,0.35248579285256754,0.006182149219206326,,0.1756595080462892,0.00446756505756129,,0.445089025740698,0.029682833646812616,,0.04826169677071901,0.06982282139822192,,0.4679057783405486,0.08070428671846168,,0.6994825566465064,0.008961236939634963,,0.3560500336417507,0.007809443940063247,,0.20573647905583925,0.0068537560846956315,,0.36018543262020475,0.025844105747482818,,0.02189965012205588,0.06586492064375565,,0.39887845403129996,0.076129562640214,,0.6050788307205966,0.004566364513046963,,0.3190093670149431,0.003938598882051985,,0.15450377209011276,0.005380789118473187,,0.4788256013074641,0.015367334439699917,,0.04518642218021385,0.03890571099774348,,0.5036758680885789,0.04464294592965384,,0.7273550360519331,0.007470107673199927,,0.3865302591626233,0.0067396160805572045,,0.2375424575004738,0.0039806382433455675,,0.3899507455813933,0.013702984452054869,,0.008816749884182462,0.03743862193524635,,0.44269061693445233,0.04295951728547149,,0.6363121812931302,0.006100755527005633,,0.3437824110127674,0.005314788758745521,,0.17981755599809768,0.0032038901472096603,,0.4777756639607511,0.015369037318436337,,0.04405489211663394,0.03889259743813967,,0.5037706357858069,0.04462789849509969,,0.72681148767579,0.007563490719363945,,0.38559253955385336,0.006804823728249755,,0.23681203940376716,0.003964698035514942,,0.3898265217510656,0.013679074750710616,,0.009554595850211789,0.037466607350324574,,0.44168931083054075,0.04299161699646345,,0.6355463977513834,0.00591450850470338,,0.34426273821302217,0.005168997705236961,,0.17973441177764507,0.0032097452049896415,,0.6225137400116533,0.009539441340483262,,-0.3193486798160957,0.022568439588647005,,1.255189278762032,0.029121178115913592,,1.821434171374447,0.0766416635498041,,0.19084279125263562,0.01025346277523639,,0.40500717003526376,0.006617043388959238,,0.5654875455217776,0.010402711587707584,,-0.42838429049954263,0.02602796412666178,,1.324500528770355,0.03358517439780373,,1.9165921910988624,0.09874706184659329,,0.16250029657310602,0.010408837320769422,,0.3566679746738662,0.0068370185333714775,,0.392869452854373,0.0019676628693509977,,0.1871190933294294,0.0019050547567295859,,0.29757280963911475,0.0026586218884745343,,0.6655288326116853,0.0031041197359445213,,0.42366138840641254,0.002761120557939974,,0.2489486303957294,0.0006947600156553348,,0.31983640834525023,0.001604760593588369,,0.1524444196035346,0.0016078895770218111,,0.24209583169462434,0.002243909477870452,,0.543381254294177,0.002477163286828087,,0.42195394021379923,0.0026849096047132717,,0.19361117800157837,0.0006726640585511516,
phi02_Ori,4823.0,2.61,-0.54,1.07,100.0,0.2,0.2,0.41778929539524395,0.020976317441681117,,-0.0031788887149242218,0.049573144245554264,,0.4968999900075154,0.05757071381072621,,0.7229696404020387,0.01775522717376334,,0.316508664615919,0.0121806613772,,0.19842116714548286,0.0037438356873152247,,0.35059062050539497,0.01731194909600912,,0.0044669044338489115,0.041668209715550554,,0.4085555091042156,0.04839049768981144,,0.5997959692572667,0.012087292790959357,,0.3220687686480959,0.010238961017558982,,0.15731771179085732,0.003811203720325952,,0.3945871269552763,0.02858919636417416,,0.01719517801803938,0.07069899640221143,,0.4449891963610595,0.08171699420476393,,0.6651966270994762,0.009089311087033283,,0.31735395936816063,0.007079332290392934,,0.17462610135562828,0.005457209613376173,,0.3216007876475274,0.023682499309738144,,0.012165499850157024,0.060726101007846305,,0.36486034243161436,0.07018989033720041,,0.5532079243060836,0.004549468048796834,,0.3072558327889326,0.004072490989691225,,0.1336224214691321,0.004833412894773797,,0.4156470168032622,0.015732092800644353,,-0.021869785666112588,0.04300843982285474,,0.5081797604000545,0.04935068118744993,,0.7205565879387034,0.012647512601856809,,0.31293144683121804,0.008524132889263137,,0.19613500470800363,0.002685214958449869,,0.34183635581777405,0.01331772287026117,,-0.027059559757833807,0.037099427449013754,,0.4284759750906665,0.04257029877994869,,0.6114097569454426,0.01076969095626286,,0.2984704883704442,0.008011217370648199,,0.15227027266093868,0.0024784877368773882,,0.41490783948732357,0.015547627285465463,,-0.01699346850752992,0.04273337881726962,,0.5016573109446765,0.04903506251707427,,0.7132023548069784,0.011611461249799438,,0.3170051234656387,0.008050256057392013,,0.19561223642938969,0.0027511321172993017,,0.3414348373019588,0.013178905911297103,,-0.023356213704649464,0.036832748576952457,,0.42370813720913747,0.04226429250780948,,0.6052547293739556,0.010079268590814991,,0.30249700446111594,0.007715455768536504,,0.15199269071791122,0.0025306977149186067,,0.6105885727406566,0.010074653442336375,,-0.3813176149843475,0.023959021595933414,,1.3218809750752825,0.0309155151295987,,1.8689617910769198,0.08704389567653002,,0.18170946831648097,0.010713344865733191,,0.3943520881849192,0.007021785017833113,,0.5593244224207311,0.010807074030404961,,-0.47328334865350413,0.02703547856682831,,1.3761226438756988,0.03488522030406246,,1.9442244201884078,0.1065402623314179,,0.15850556504576804,0.010758192911388938,,0.35188742218165076,0.0071575271557646975,,0.35883203903876354,0.0017816846697681441,,0.17370388075497997,0.001638673130041665,,0.26900278690459334,0.0022970121504735075,,0.6125233649649143,0.0028641596832224476,,0.42103717883211755,0.0027332052978553205,,0.22399765794571042,0.0006576591761407125,,0.2948949242800344,0.0014096529896802132,,0.1486263178053891,0.0013250455005010178,,0.21253742952480476,0.0018573842190455086,,0.48989908256933823,0.002088803235104592,,0.43712089981867885,0.002614298740837712,,0.17688768702318364,0.0006501659237507396,
rho_Ser,3920.0,1.68,-0.17,,100.0,0.2,0.2,0.4740481947288061,0.020806159053765254,,0.057681398881213486,0.04985928027936339,,0.49146862740668573,0.057903020695419354,,0.7411288274872497,0.007424607787800839,,0.3717991658037347,0.006229186502020473,,0.2356637393105026,0.004833446224798334,,0.38671530868385795,0.01804103455530692,,0.03179689267327279,0.04658907714638855,,0.4189365514142963,0.05410524121232195,,0.6370787569028115,0.004099494097762389,,0.3414955763385971,0.003547934341202475,,0.17840045658995327,0.00418906998800921,,0.5035078516471493,0.030724632899224693,,0.09397737371975923,0.07317186380256371,,0.48288427528409156,0.08457525575254969,,0.7477661749471967,0.005080952548863704,,0.39240057038421816,0.004761653041625849,,0.24581540960586457,0.008060164455727922,,0.39756327613646225,0.028357051289188525,,0.032614140714421036,0.07628502152766613,,0.4303176694020445,0.08817357419923098,,0.6689081824480106,0.006571304149263503,,0.3180330878081964,0.005105073950052191,,0.17622916010037362,0.005401733083044914,,0.5191637752228271,0.016199535005694436,,0.05987370146744697,0.03986872668810529,,0.5334696118881832,0.04574797248677498,,0.7732144028029001,0.00826574451633616,,0.399720365941456,0.007368307171892622,,0.2669577870102233,0.004095065643872469,,0.43060268051178163,0.015257154733313811,,0.0039036605452277273,0.04055834717076117,,0.49561480732719443,0.04653929385027464,,0.7045374499863046,0.009225789818721021,,0.3423781028840909,0.007216877007114327,,0.20536818553864605,0.0031871153317831902,,0.5192713022710815,0.016298236458414078,,0.05763659683286093,0.04035424280650591,,0.5361929221980409,0.04630508578426276,,0.7764062092827111,0.008287573499985592,,0.39705454456458944,0.00728546769550036,,0.2670522048540491,0.004020264580215479,,0.429320290728457,0.015320405350221358,,0.001835143894070912,0.04120465591902058,,0.4965279003974642,0.047280864938138795,,0.7074057334440166,0.00889258542323725,,0.3385656459845147,0.006818823914431997,,0.20456953623887925,0.003103243137358884,,0.7629902685433918,0.009859471746688752,,-0.2689787029083926,0.02046151696683258,,1.3752713366114053,0.026402511250897532,,1.6533649836477529,0.06201870901190724,,0.2765316622269412,0.014316701351349537,,0.5425412548586689,0.009390993118554965,,0.7051203579432259,0.011116004509461729,,-0.44106162782850994,0.023977257951860464,,1.5274792897008584,0.030939046416085934,,1.8080652583023942,0.08945971653689228,,0.2247058995507422,0.014650501068700137,,0.4805317349578827,0.00970434523165071,,0.42968892279207077,0.001989153750972015,,0.2335829883767274,0.001597592897359573,,0.2910203227368098,0.002283159386488433,,0.6915143657108718,0.0030431919085749616,,0.46376147168976334,0.002866793225752368,,0.2852917551099312,0.0007853365479140621,,0.3409350919239834,0.001677718614671116,,0.17630454628377207,0.0014697756532559545,,0.24431098767076012,0.002100492612429508,,0.5732396725280061,0.0027344508872762514,,0.43652427300000324,0.0028772733179060926,,0.2147341917784447,0.0007122551804431274,
sig_Per,4159.0,1.6,-0.23,1.32,100.0,0.2,0.2,0.47129524233027587,0.021752037825533345,,0.03248279802818321,0.050053867205889904,,0.5179628952695905,0.05812899999576917,,0.7601859016835343,0.01356653610678047,,0.3534689326934086,0.010328866688504731,,0.2340077747729006,0.004415665048004208,,0.38994790593272555,0.01855141212749662,,0.02028213506190435,0.045353591822688076,,0.43634394632608764,0.05267043992839042,,0.6483386232931863,0.009261623914436879,,0.3366958703055212,0.007721605870597161,,0.18052466173266302,0.004150028789818936,,0.5035078516471493,0.030724632899224693,,0.09397737371975923,0.07317186380256371,,0.48288427528409156,0.08457525575254969,,0.7477661749471967,0.005080952548863704,,0.39240057038421816,0.004761653041625849,,0.24581540960586457,0.008060164455727922,,0.39756327613646225,0.028357051289188525,,0.032614140714421036,0.07628502152766613,,0.4303176694020445,0.08817357419923098,,0.6689081824480106,0.006571304149263503,,0.3180330878081964,0.005105073950052191,,0.17622916010037362,0.005401733083044914,,0.4867879874263527,0.01611853045887218,,0.03183092356348893,0.04074493547183359,,0.5284367826936209,0.04675339099769889,,0.7543586134521527,0.009338509614953527,,0.37389869006078447,0.00774090206535107,,0.24332136372445573,0.003672684612942854,,0.3968293693153445,0.014436258861159915,,-0.004930983046441462,0.039332319185484105,,0.46664831476618374,0.04513247800114088,,0.6655867795063286,0.00837061242212185,,0.32924367684441985,0.00655796578268861,,0.1841980667986052,0.002972086008883393,,0.4853614300172049,0.016200488028143327,,0.02808263655815857,0.040947732692546264,,0.5311334962464724,0.04698609493176351,,0.7562213139793668,0.009755414256584025,,0.37058550770178483,0.007963439805450582,,0.2423354230741993,0.0036088846806645175,,0.3962219586609521,0.014426993417496307,,-0.00548344755133634,0.039210383175860085,,0.46658449490962006,0.04499255622553629,,0.6649202813261581,0.00851686570510377,,0.3289751553199476,0.006671563580522264,,0.18383074106709274,0.0029699463381614075,,0.8074509198108258,0.010370543372241484,,-0.2737195924457529,0.021751785072780618,,1.4408406227484363,0.028067408259244593,,1.605122141358119,0.061271782593813384,,0.3104016357169902,0.016831907019407642,,0.5911705429153771,0.011170887709231114,,0.7573822497896117,0.01157697739465832,,-0.44162439772304296,0.024699046331226996,,1.5978769907640475,0.03187040578399475,,1.7399878506671125,0.08573465186382519,,0.2577669710391154,0.017243624305533008,,0.5328711206615776,0.011437929326998445,,0.402942013916844,0.0018949718482648475,,0.22281448969638495,0.0014403115312002547,,0.2707275872739117,0.0020825580630279904,,0.6565081393595203,0.0031370645116201765,,0.45990931566919735,0.003050471498500225,,0.2664034317205189,0.0007736797129853089,,0.3205550637509349,0.0015564091474820473,,0.1731732470262503,0.001279191510293218,,0.2215115308923209,0.0018495933248916642,,0.534738940182674,0.0026552448239561557,,0.44526528771941815,0.0030425887668815888,,0.2020433541846971,0.0007101007629377517,
ups_Aur,3912.0,1.16,-0.23,1.66,100.0,0.2,0.2,0.4740481947288061,0.020806159053765254,,0.057681398881213486,0.04985928027936339,,0.49146862740668573,0.057903020695419354,,0.7411288274872497,0.007424607787800839,,0.3717991658037347,0.006229186502020473,,0.2356637393105026,0.004833446224798334,,0.38671530868385795,0.01804103455530692,,0.03179689267327279,0.04658907714638855,,0.4189365514142963,0.05410524121232195,,0.6370787569028115,0.004099494097762389,,0.3414955763385971,0.003547934341202475,,0.17840045658995327,0.00418906998800921,,0.5035078516471493,0.030724632899224693,,0.09397737371975923,0.07317186380256371,,0.48288427528409156,0.08457525575254969,,0.7477661749471967,0.005080952548863704,,0.39240057038421816,0.004761653041625849,,0.24581540960586457,0.008060164455727922,,0.39756327613646225,0.028357051289188525,,0.032614140714421036,0.07628502152766613,,0.4303176694020445,0.08817357419923098,,0.6689081824480106,0.006571304149263503,,0.3180330878081964,0.005105073950052191,,0.17622916010037362,0.005401733083044914,,0.5188323626971422,0.01641439386320273,,0.05377439685481544,0.04057082092075313,,0.5401690715124039,0.04655360069680046,,0.7793321633988242,0.008775405669413346,,0.3939621121122405,0.007597757722757262,,0.26674521056798056,0.003952836034004747,,0.4313933459697742,0.015448648862241808,,-0.000807757363311179,0.04099605935682352,,0.5020055292535365,0.04704157477491281,,0.7115356665086545,0.01011666859591381,,0.3380563327808411,0.007695998003781162,,0.20593635918331962,0.003110702924003967,,0.5184910399713425,0.01658227233828713,,0.04910363160333209,0.04121294531023247,,0.5451977547439665,0.047290418378980424,,0.7844228169039843,0.009008530436631499,,0.3892081221920429,0.007612579095211117,,0.26651405538643225,0.0038293434600841425,,0.4299212050971343,0.015555588637685717,,-0.004259596292364387,0.0417728373112524,,0.5043049643406257,0.047932890169117955,,0.7162341387953678,0.00990659010281359,,0.3327672795672897,0.00732162387103472,,0.20503008566944658,0.002997390257370095,,0.8723769216616397,0.009990348010073489,,-0.14564170823045522,0.02215506700204897,,1.35668017241754,0.028587782951258068,,1.4897870556749016,0.048210548592155775,,0.38344583716842434,0.018682901019989276,,0.6731464990841237,0.012626520184164674,,0.8218914945659191,0.011360922860329022,,-0.34163223509657636,0.024905164460427582,,1.55059006546652,0.032136370248508864,,1.6123651402602737,0.06949852565599376,,0.31660215547178083,0.01948578589151693,,0.6055949006644089,0.012952401393599261,,0.4293494654297632,0.0019982048462488596,,0.24497729744689756,0.0015051964044471117,,0.2798317754790525,0.0021961853136189253,,0.7026745018334712,0.0028288808141988466,,0.46015322486153726,0.0025523054404010433,,0.2908947552516254,0.0007204458438246902,,0.33715839275764825,0.00169798883746445,,0.18129488712421193,0.0014180375967363054,,0.23656261132743767,0.0020690146055543346,,0.5859139187726017,0.0026896682892302874,,0.4242879023523341,0.0026276644425624867,,0.21693838658209874,0.0006411812641315252,
ups_Per,4374.0,2.06,0.05,1.75,100.0,0.2,0.2,0.47410905145247045,0.02124703236231907,,0.04536526703160274,0.04881988213622693,,0.506078106993516,0.05669593853294043,,0.7487355173888403,0.011593983269622117,,0.36578681194031454,0.009407707115963664,,0.23584718237438157,0.004742688087465984,,0.3949215405152674,0.018281473524224247,,0.030368356114076067,0.044543844038149295,,0.43030918049287203,0.05173005556943421,,0.6424385144651784,0.00797323142335866,,0.3485617552524093,0.007042830007319511,,0.18342332626866706,0.004418242554892455,,0.43465084273749766,0.03090737742269614,,0.024916973853214786,0.07521053318773456,,0.4831241005559098,0.08693164352615937,,0.719896355114963,0.010158798928767246,,0.32651440383676045,0.007609242513646071,,0.19940166307451812,0.005695297505592374,,0.3484951165725129,0.02688340428960512,,0.0011735472843653416,0.07148141379916573,,0.4095327034026321,0.08262143880653504,,0.6310989781234476,0.003697127315245443,,0.28367285632078904,0.0025972345763356133,,0.14855184954050785,0.004296486059759424,,0.47470464412075664,0.0156676438316443,,0.03261715881208904,0.03967943254044431,,0.513488650690346,0.045530764623257246,,0.7343415631802231,0.008727467701632177,,0.37497961135852464,0.0074627524383551885,,0.2347620151741014,0.003750235683081834,,0.3868603436610572,0.013851578671111513,,0.0012067453727803157,0.03766063048587227,,0.4479401749070796,0.0432142162260446,,0.640465574946048,0.007230154144113674,,0.33602376405466744,0.0060585375843228385,,0.1780464857656724,0.0030809802816607586,,0.4734837864337751,0.015628557528554073,,0.0326014904888654,0.03963349638411197,,0.51208880624202,0.04547805412451869,,0.7325236619443306,0.008680300258699319,,0.37491904330392356,0.007439100577640787,,0.23390886277589795,0.0037534847843609747,,0.3866064128411426,0.013798301363125485,,0.002677904321333635,0.03763115501227442,,0.44593646358320704,0.0431804523901669,,0.6385406465387038,0.006939557882605526,,0.3372665123100574,0.00586316902779969,,0.17787606862698144,0.0030987345317307065,,0.7001652708359387,0.010256053570029193,,-0.3574188857809636,0.022118633927248325,,1.4094078573963802,0.028540771565782885,,1.7744362631252721,0.077209371139485,,0.22724751144237101,0.01306007038688863,,0.4767526279238991,0.00858775780413945,,0.6471201359010861,0.011260023425131039,,-0.49025323745956967,0.025456251005859718,,1.515740339723942,0.032847464583398246,,1.8983481513602016,0.10171708561510959,,0.19182350370397422,0.013136009919113595,,0.4260786263785864,0.008810702285653461,,0.3898770398741805,0.0019113431530077092,,0.19813980897103983,0.001716551159325328,,0.2827282227559115,0.0024393222634855054,,0.6688487460614037,0.002921049522298259,,0.4231054098519305,0.0025388851932618673,,0.2518907301097764,0.0006330408523926846,,0.3147673739393081,0.0015499274834757653,,0.15967002059956645,0.0014473022804230953,,0.2287004921600905,0.0020567034401967484,,0.542548263616844,0.002335652776815546,,0.4203901093505669,0.0024823553448785917,,0.19452523971991514,0.0006135865936976619,
V424_Lac,4013.0,0.32,-0.02,6.8,100.0,0.2,0.2,0.48054078618370755,0.020825466088491625,,0.06288194007601422,0.049381342256649724,,0.4929937296534893,0.05734798073461059,,0.7440876094515112,0.007655129791721474,,0.3777870425814592,0.006544684489938977,,0.24025220917249712,0.004987049341517113,,0.39608919599782577,0.01822996332462896,,0.03590292305196141,0.046254191481706314,,0.4251545888877367,0.053716329224226624,,0.64429771937281,0.004928994089478467,,0.348508247804056,0.004340323527037745,,0.18410060651507035,0.0043729179127962765,,0.5035078516471493,0.030724632899224693,,0.09397737371975923,0.07317186380256371,,0.48288427528409156,0.08457525575254969,,0.7477661749471967,0.005080952548863704,,0.39240057038421816,0.004761653041625849,,0.24581540960586457,0.008060164455727922,,0.39756327613646225,0.028357051289188525,,0.032614140714421036,0.07628502152766613,,0.4303176694020445,0.08817357419923098,,0.6689081824480106,0.006571304149263503,,0.3180330878081964,0.005105073950052191,,0.17622916010037362,0.005401733083044914,,0.5099917917405846,0.01576109074331287,,0.06329336068049285,0.03887587172853108,,0.5188443093720918,0.04460870642794523,,0.7554685137964152,0.007556702188576495,,0.403424875348628,0.006988660876401723,,0.2600294283660004,0.004244049824318449,,0.4175915563576822,0.014634304923278595,,0.009618233551316968,0.03953654630879953,,0.47386474067414786,0.04536680635475146,,0.6788861442850511,0.007213301520156327,,0.3458469810323452,0.0059403099813595895,,0.19695900548843998,0.0032496537110093464,,0.5102561590733166,0.015888964214791666,,0.06032768327376562,0.039401538033028156,,0.5225960319139095,0.04521188984848953,,0.7594822058653699,0.007680291376990203,,0.40012809946288935,0.006980659371856666,,0.260247448275576,0.004157208328969288,,0.4172543435312368,0.014689202123441856,,0.008294900182399756,0.0399454352589409,,0.4750101310925757,0.045835998581157056,,0.6812327465746133,0.007067738019142835,,0.34350235339401364,0.005744529335428043,,0.19676638027555496,0.003200973338746638,,0.9159371396080526,0.00989493907017023,,-0.05696683461566782,0.02358941614425174,,1.2965573458512651,0.030438594854849833,,1.428638310953061,0.04243117076538899,,0.43867480342856946,0.02043040442130273,,0.7337898092345774,0.014056709178324642,,0.8691866980739474,0.011375537801391949,,-0.26440948459187824,0.026439865474765768,,1.5107066012869164,0.034116671165734504,,1.532553677985161,0.06069626670911053,,0.36698311098846903,0.021608218026184917,,0.6641563582113317,0.014545665263224664,,0.42505400747213357,0.0019327566018926844,,0.2522712657544142,0.001369158841690864,,0.2641514379613881,0.002010382485860494,,0.6716951831724507,0.0027848795228183534,,0.484700980318788,0.002797636797166037,,0.2884616955632603,0.0008428399959012904,,0.3291908923778973,0.0016815022019792635,,0.17981616035755404,0.0013636329907749697,,0.2283651125570479,0.0020022686898640858,,0.5640371711798762,0.0028831657471643725,,0.43412692470863007,0.0030018285197160066,,0.21179541381212935,0.0006990144193387615,
zet_Cep,4151.0,0.77,0.07,10.1,100.0,0.2,0.2,0.4792796182453679,0.02120258284044402,,0.051037253148996695,0.0484777968131913,,0.5054862447975229,0.05629866800636868,,0.7499276156315265,0.011132857839842015,,0.3713895698149285,0.009216186030254966,,0.2394753590720935,0.004875306406113761,,0.39551447588774635,0.018185788700299656,,0.033345442941942555,0.04457806318005491,,0.4274949878801479,0.05176979548231331,,0.6405772737837765,0.00718363705187422,,0.35101357036848985,0.0064269926607213815,,0.18374721654550946,0.004465053161930136,,0.5035078516471493,0.030724632899224693,,0.09397737371975923,0.07317186380256371,,0.48288427528409156,0.08457525575254969,,0.7477661749471967,0.005080952548863704,,0.39240057038421816,0.004761653041625849,,0.24581540960586457,0.008060164455727922,,0.39756327613646225,0.028357051289188525,,0.032614140714421036,0.07628502152766613,,0.4303176694020445,0.08817357419923098,,0.6689081824480106,0.006571304149263503,,0.3180330878081964,0.005105073950052191,,0.17622916010037362,0.005401733083044914,,0.4929988116775017,0.01573957128207371,,0.04786401579730171,0.039329331842970855,,0.5170281293185256,0.04512903433899606,,0.7455823036848294,0.008094203532119067,,0.3894357848767226,0.007202414991605677,,0.24765152538582444,0.003997963532337121,,0.40137674548740576,0.01417861867790633,,0.006582760418720968,0.03853327445226437,,0.4585568149382324,0.044215592200367894,,0.6571932393934066,0.006893490247642266,,0.34193990857870793,0.005770376600985295,,0.1868426635574609,0.0031836938397272214,,0.492406241422512,0.015757195069857184,,0.04703720251125132,0.03951233401978499,,0.5173002047232291,0.04533902397412807,,0.7459366265268661,0.008057104980778107,,0.3883326639154425,0.0071363685990149285,,0.24723029785941622,0.003972267058324347,,0.4012099938438689,0.014161485241378568,,0.007142962319584778,0.038605755092256555,,0.45771245399771254,0.04429875924180612,,0.6567043635620514,0.0066966291654894814,,0.34211339148823544,0.005613804576978098,,0.1867349236826671,0.003184045965996592,,0.764766506159754,0.010159873519801103,,-0.29945689559687516,0.02104111013097964,,1.4182557621219276,0.027150389088090095,,1.6668182481928768,0.06557520098640661,,0.2747140816286992,0.014893281239181972,,0.543670913638962,0.00980798036475606,,0.710160604853332,0.011456573324452499,,-0.4725899809988701,0.02463751134311286,,1.576213068836132,0.03179100414909146,,1.8177462096112693,0.09370126821301814,,0.22544896131686498,0.015324320042168226,,0.4849872890290033,0.010205588285765501,,0.4104934528209085,0.0019411022441320686,,0.2212360281349321,0.001619648293884823,,0.28175988768221066,0.002321559549671584,,0.6733111432912017,0.002950733886556295,,0.4527132978295201,0.002761263165456587,,0.2703023189648797,0.0007464988190766422,,0.3229087100201992,0.001633978169638073,,0.1646167160988305,0.0015174604273028756,,0.23565962868215037,0.0021750862572964213,,0.5575548961733406,0.0027175126010329717,,0.4220274359046505,0.0028100402914405065,,0.2020551215578953,0.0006574290437331972,
