HD,Target,Group,SpectralType,Teff,e_Teff,logg,FeH,Lstar ,e_Lstar,Rstar,e_Rstar,Mass_value,Mass_err,Age_value,Age_err,K_diam,K_diam_err,Reference1,e_logg,e_FeH,date1,date1_name_Calib1,date1_diam_Calib1,date1_e_diam_Calib1,date1_name_Calib2,date1_diam_Calib2,date1_e_diam_Calib2,date1_name_Calib3,date1_diam_Calib3,date1_e_diam_Calib3,date2,date2_name_Calib1,date2_diam_Calib1,date2_e_diam_Calib1,date2_name_Calib2,date2_diam_Calib2,date2_e_diam_Calib2,date2_name_Calib3,date2_diam_Calib3,date2_e_diam_Calib3,date3,date3_name_Calib1,date3_diam_Calib1,date3_e_diam_Calib1,date3_name_Calib2,date3_diam_Calib2,date3_e_diam_Calib2,date3_name_Calib3,date3_diam_Calib3,date3_e_diam_Calib3,LDD_mas_bourges,e_LDD_bourges,_HD_key,Lstar,theta_ld_f,e_theta_ld_f,Baines_mu_f,Target_catalog,Target_norm,Target_chara,INS,N_epochs,Date_first,Date_last,MIRCX_file_first,MYSTIC_file_first,SATLAS_V2_std_night,SATLAS_V2,SATLAS_diam_std_night,SATLAS_diam,SATLAS_diam_err_ivw,chi2_SATLAS_std_night,chi2_SATLAS,UD_V2_std_night,UD_V2,H_UD_diam_std_night,H_UD_diam,H_UD_diam_err_ivw,K_UD_diam_std_night,K_UD_diam,K_UD_diam_err_ivw,chi2_UD_std_night,chi2_UD,PL_V2_std_night,PL_V2,PL_diam_std_night,PL_diam,PL_diam_err_ivw,H_PL_alpha_std_night,H_PL_alpha,H_PL_alpha_err_ivw,K_PL_alpha_std_night,K_PL_alpha,K_PL_alpha_err_ivw,chi2_PL_std_night,chi2_PL,PL2_V2_std_night,PL2_V2,PL2_diam_std_night,PL2_diam,PL2_diam_err_ivw,H_PL2_alpha_std_night,H_PL2_alpha,H_PL2_alpha_err_ivw,K_PL2_alpha_std_night,K_PL2_alpha,K_PL2_alpha_err_ivw,H_PL2_u1_std_night,H_PL2_u1,H_PL2_u1_err_ivw,K_PL2_u1_std_night,K_PL2_u1,K_PL2_u1_err_ivw,chi2_PL2_std_night,chi2_PL2,LL_V2_std_night,LL_V2,LL_diam_std_night,LL_diam,LL_diam_err_ivw,H_LL_a_std_night,H_LL_a,H_LL_a_err_ivw,K_LL_a_std_night,K_LL_a,K_LL_a_err_ivw,chi2_LL_std_night,chi2_LL,QL_V2_std_night,QL_V2,QL_diam_std_night,QL_diam,QL_diam_err_ivw,H_QL_a_std_night,H_QL_a,H_QL_a_err_ivw,K_QL_a_std_night,K_QL_a,K_QL_a_err_ivw,H_QL_b_std_night,H_QL_b,H_QL_b_err_ivw,K_QL_b_std_night,K_QL_b,K_QL_b_err_ivw,chi2_QL_std_night,chi2_QL,a__linear__kurucz__MIRCX,a__linear__kurucz__MYSTIC,a__linear__mps1__MIRCX,a__linear__mps1__MYSTIC,a__linear__mps2__MIRCX,a__linear__mps2__MYSTIC,a__linear__stagger__MIRCX,a__linear__stagger__MYSTIC,p1__power1__kurucz__MIRCX,p1__power1__kurucz__MYSTIC,p1__power1__mps1__MIRCX,p1__power1__mps1__MYSTIC,p1__power1__mps2__MIRCX,p1__power1__mps2__MYSTIC,p1__power1__stagger__MIRCX,p1__power1__stagger__MYSTIC,p1__power2__kurucz__MIRCX,p1__power2__kurucz__MYSTIC,p1__power2__mps1__MIRCX,p1__power2__mps1__MYSTIC,p1__power2__mps2__MIRCX,p1__power2__mps2__MYSTIC,p1__power2__stagger__MIRCX,p1__power2__stagger__MYSTIC,p1_1p__power1__kurucz__MIRCX,p1_1p__power1__kurucz__MYSTIC,p1_1p__power1__mps1__MIRCX,p1_1p__power1__mps1__MYSTIC,p1_1p__power1__mps2__MIRCX,p1_1p__power1__mps2__MYSTIC,p1_1p__power1__stagger__MIRCX,p1_1p__power1__stagger__MYSTIC,p2__power2__kurucz__MIRCX,p2__power2__kurucz__MYSTIC,p2__power2__mps1__MIRCX,p2__power2__mps1__MYSTIC,p2__power2__mps2__MIRCX,p2__power2__mps2__MYSTIC,p2__power2__stagger__MIRCX,p2__power2__stagger__MYSTIC,u1__quadratic__kurucz__MIRCX,u1__quadratic__kurucz__MYSTIC,u1__quadratic__mps1__MIRCX,u1__quadratic__mps1__MYSTIC,u1__quadratic__mps2__MIRCX,u1__quadratic__mps2__MYSTIC,u1__quadratic__stagger__MIRCX,u1__quadratic__stagger__MYSTIC,u2__quadratic__kurucz__MIRCX,u2__quadratic__kurucz__MYSTIC,u2__quadratic__mps1__MIRCX,u2__quadratic__mps1__MYSTIC,u2__quadratic__mps2__MIRCX,u2__quadratic__mps2__MYSTIC,u2__quadratic__stagger__MIRCX,u2__quadratic__stagger__MYSTIC,v2_p1__power1__kurucz__MIRCX,v2_p1__power1__kurucz__MYSTIC,v2_p1_1p__power1__kurucz__MIRCX,v2_p1_1p__power1__kurucz__MYSTIC,v2_p1__power2__kurucz__MIRCX,v2_p1__power2__kurucz__MYSTIC,v2_p2__power2__kurucz__MIRCX,v2_p2__power2__kurucz__MYSTIC,v2_p1__power1__mps1__MIRCX,v2_p1__power1__mps1__MYSTIC,v2_p1_1p__power1__mps1__MIRCX,v2_p1_1p__power1__mps1__MYSTIC,v2_p1__power2__mps1__MIRCX,v2_p1__power2__mps1__MYSTIC,v2_p2__power2__mps1__MIRCX,v2_p2__power2__mps1__MYSTIC,v2_p1__power1__mps2__MIRCX,v2_p1__power1__mps2__MYSTIC,v2_p1_1p__power1__mps2__MIRCX,v2_p1_1p__power1__mps2__MYSTIC,v2_p1__power2__mps2__MIRCX,v2_p1__power2__mps2__MYSTIC,v2_p2__power2__mps2__MIRCX,v2_p2__power2__mps2__MYSTIC,v2_p1__power1__stagger__MIRCX,v2_p1__power1__stagger__MYSTIC,v2_p1_1p__power1__stagger__MIRCX,v2_p1_1p__power1__stagger__MYSTIC,v2_p1__power2__stagger__MIRCX,v2_p1__power2__stagger__MYSTIC,v2_p2__power2__stagger__MIRCX,v2_p2__power2__stagger__MYSTIC,N_dates_fit,Date_list_fit,date1_fit,date2_fit,date3_fit
3627,del And,,K3III,4347.0,29.0,2.04,0.21,68.0,4.0,,,1.3,,3.2,,,,,0.2,0.08,2025-09-07,HD 29038,0.670224,0.0160549,7 And,0.692674,0.067622,HD 28424,0.594675,0.0141297,,,,,,,,,,,,,,,,,,,,,4.528876,0.367691,3627,,,,,del And,DEL_AND,del_And,MIRCX+MYSTIC,1,2025-09-07,2025-09-07,MIRCX_L2.2025Sep07.del_And.MIRCX_IDL.2025Sep10_Narsi.AVG10m.oifits,MYSTIC_L2.2025Sep07.del_And.MIRCX_IDL.2025Sep08_Narsi.AVG10m.oifits,,1.05,,4.157,0.003,,2.088,,0.9,,4.035,0.015,,4.072,0.015,,9.103,,1.033,,4.173,0.006,,0.298,0.011,,0.181,0.017,,2.242,,1.039,,4.146,0.005,,0.264,0.013,,0.985,0.23,,0.979,0.034,,0.265,0.056,,1.977,,1.033,,4.134,0.005,,0.376,0.019,,0.236,0.012,,2.549,,1.039,,4.143,0.007,,0.044,0.05,,0.253,0.025,,0.505,0.079,,0.007,0.049,,2.005,0.4809660468572039,0.3965014742375994,0.4866059882391147,0.3961480970458405,0.4858739325122676,0.3959921036027315,0.4346508427374976,0.3484951165725129,0.2406263889020117,0.1843063167385398,0.243037811669225,0.1835774488449327,0.2425215643979654,0.1834826064992912,0.1994016630745181,0.1485518495405078,0.7463580453900902,0.6381624577290768,0.7346519656199163,0.6443574927821747,0.7346602189443737,0.6443662298098458,0.719896355114963,0.6310989781234476,0.2406263889020117,0.1843063167385398,0.243037811669225,0.1835774488449327,0.2425215643979654,0.1834826064992912,0.1994016630745181,0.1485518495405078,0.3765053672073933,0.3545663700523018,0.3905564405968332,0.3455423985953199,0.3895547779323231,0.3453147404109626,0.3265144038367604,0.283672856320789,0.0564649072876378,0.0366676296661447,0.0491923187218519,0.0102934892330649,0.0484123587833946,0.0103724323473487,0.0249169738532147,0.0011735472843653,0.5010701995267539,0.4247385887363911,0.5080599687709106,0.4481736505815841,0.5081156144997386,0.4479007753556918,0.4831241005559098,0.4095327034026321,0.2423796713273595,0.1949709721969722,0.2423796713273595,0.1949709721969722,0.9999999674242332,0.9221746179211624,0.2397618140732263,0.2135342106245119,0.2456430038630401,0.1913980678372585,0.2456430038630401,0.1913980678372585,0.9999999999999988,0.9477731272285548,0.2439054315082014,0.2032495255174414,0.2452459267790373,0.1916050313739029,0.2452459267790373,0.1916050313739029,0.9999999999999988,0.9479401215400902,0.2435143602610519,0.2034300060276258,0.2032158982512723,0.1582534456163892,0.2032158982512723,0.1582534456163892,0.9999996089541876,0.9561723339895664,0.2019847507552686,0.1663792916459311,1,2025-09-07,2025-09-07,,
3712,alf Cas,Giant,K0IIICN+1,4625.0,42.0,1.19,-0.1,734.0,0.1,42.15,1.55,3.98,,0.22,,,,,0.28,0.03,2025-07-20,HD 25291,0.86509,0.0714039,HD 224870,0.65383,0.05352,7 And,0.69267,0.06762,,HD 13137,0.662104,0.0462708,HD 212136,0.631381,0.04729,HD 222932,0.65587,0.01743,,HD 212136,0.63138,0.04729,HD 13137,0.6621,0.04627,7 And,0.69267,0.06762,5.789029,0.393532,3712,733.5,5.527,0.018,0.67,alf Cas,ALF_CAS,alf_Cas,MIRCX+MYSTIC,1,2025-07-20,2025-07-20,MIRCX_L2.2025Jul20.alf_Cas.MIRCX_IDL.2025Jul22.AVG15m.oifits,MYSTIC_L2.2025Jul20.alf_Cas.MIRCX_IDL.2025Jul25.AVG15m.oifits,,1.108,,5.64,0.004,,10.005,,0.94,,5.496,0.016,,5.567,0.007,,10.074,,1.09,,5.68,0.007,,0.283,0.024,,0.1799999999999999,0.013,,9.537,,1.088,,5.644,0.012,,0.233,0.021,,0.629,0.258,,1.022,0.032,,0.356,0.091,,5.574,,1.091,,5.628,0.006,,0.365,0.029,,0.24,0.013,,10.975,,1.086,,5.637,0.012,,-0.051,0.076,,0.205,0.032,,0.575,0.109,,0.051,0.078,,10.661,0.4319920491194848,0.3601896026695831,0.4513527040096888,0.3692269428458395,0.4502669108425854,0.3687129373489658,0.4346508427374976,0.3484951165725129,0.2073424889442164,0.1626037344288681,0.2189812068408165,0.1676961594019568,0.2182371438914823,0.1673709899371708,0.1994016630745181,0.1485518495405078,0.7141593185279025,0.5943266258849741,0.7254890102711752,0.625689223500241,0.72212148854539,0.6225279206370319,0.719896355114963,0.6310989781234476,0.2073424889442164,0.1626037344288681,0.2189812068408165,0.1676961594019568,0.2182371438914823,0.1673709899371708,0.1994016630745181,0.1485518495405078,0.339846728767702,0.3407797275745984,0.3522661129791916,0.3240241884168067,0.3535364421292937,0.3258711903808575,0.3265144038367604,0.283672856320789,0.0179559665528096,0.0207529271537435,0.0097339119699518,-0.0087581582213223,0.0113577020657944,-0.0069570838413646,0.0249169738532147,0.0011735472843653,0.4887175156677418,0.4006622906050556,0.5129442590137792,0.4390331508053532,0.509797053448021,0.4363441629089588,0.4831241005559098,0.4095327034026321,0.1997318380129735,0.1677262787711207,0.1997318380129735,0.1677262787711207,0.9995314581228696,0.8922503405176583,0.1952953055073748,0.18949120874183,0.2107316900806115,0.1695268423027488,0.2107316900806115,0.1695268423027488,0.9999971447153232,0.9134784793222772,0.2070415129884109,0.186742819625566,0.2104617447536308,0.1696994368909182,0.2104617447536308,0.1696994368909182,1.0,0.914390740834515,0.2068239411225063,0.1867338090042763,0.1997098106529967,0.1557438949595687,0.1997098106529967,0.1557438949595687,0.9999999995137616,0.9203623144024862,0.1964836415137535,0.170128096991001,1,2025-07-20,2025-07-20,,
9927,ups Per,Giant,K3-III,4374.0,17.0,2.06,0.05,142.0,,18.5,,1.75,0.15,1.7,,,,,0.14,0.03,2025-07-20,HD 13137,0.662104,0.0462708,7 And,0.69267,0.06762,HD 173920,0.61142,0.04854,2025-07-22,HD 212136,0.63138,0.04729,HD 13137,0.6621,0.04627,7 And,0.69267,0.06762,2025-10-20,HD 20675,0.41515,0.03964,HD 11151,0.41958,0.0106,7 And,0.69267,0.06762,3.930584,0.321604,9927,,,,,ups Per,UPS_PER,ups_Per,MIRCX+MYSTIC,3,2025-07-20,2025-10-20,MIRC_L2.2025Oct20.ups_Per.MIRCX_IDL.2025Dec14.AVG10m.oifits,MYSTIC_L2.2025Oct20.ups_Per.MIRCX_IDL.2025Dec14.AVG10m.oifits,0.1000016666527779,1.028333333333333,0.0032145502536642,3.6133333333333337,0.0017320508075688,0.1315902731967678,2.962,0.0731049473930002,0.8903333333333333,0.0120554275466834,3.490913796822201,0.0066137328614405,0.0083864970836061,3.5332352941176475,0.0043656412506539,2.3630980371819814,8.328666666666667,0.0970274875142777,1.0113333333333332,0.0072111025509278,3.625573770491803,0.0030728851183895,0.0023094010767585,0.3094258279762389,0.0094717674545287,0.0049328828623162,0.1752740122551783,0.0065236799477095,0.9168938506355758,2.2903333333333333,0.1005932403295569,1.013,0.0052915026221291,3.603379310344827,0.0022283440581246,0.034961884007206,0.2526019261987943,0.0084224260691993,0.3505315011997257,0.9102816621165744,0.0203919337333455,0.0721479960451663,1.0293431115602008,0.0141606557723547,0.131306257784362,0.2658367781548229,0.009993690851735,0.3586767346790143,1.5739999999999998,0.0995104684610284,1.0073333333333334,0.00556776436283,3.5877009102730817,0.0021636553379238,0.0105987420637231,0.3821432817774194,0.0112430945101847,0.0050332229568471,0.2150127786754533,0.0074354328375199,1.0963012055695884,2.244666666666667,0.1001349089978115,1.015,0.0104083299973306,3.614756984712705,0.0045460219131215,0.078424060933704,0.0245285440032333,0.0350208240711409,0.0488091521472493,0.1580394622779438,0.0144024118129601,0.1306152109569683,0.5837693997920141,0.0485817152895703,0.097780366127357,0.1554988922633697,0.0301657532508935,0.6455145234617112,1.904,0.4741090514524704,0.3949215405152674,0.4747046441207566,0.3868603436610572,0.4734837864337751,0.3866064128411426,0.4346508427374976,0.3484951165725129,0.2358471823743815,0.183423326268667,0.2347620151741014,0.1780464857656724,0.2339088627758979,0.1778760686269814,0.1994016630745181,0.1485518495405078,0.7487355173888403,0.6424385144651784,0.7343415631802231,0.640465574946048,0.7325236619443306,0.6385406465387038,0.719896355114963,0.6310989781234476,0.2358471823743815,0.183423326268667,0.2347620151741014,0.1780464857656724,0.2339088627758979,0.1778760686269814,0.1994016630745181,0.1485518495405078,0.3657868119403145,0.3485617552524093,0.3749796113585246,0.3360237640546674,0.3749190433039235,0.3372665123100574,0.3265144038367604,0.283672856320789,0.0453652670316027,0.030368356114076,0.032617158812089,0.0012067453727803,0.0326014904888654,0.0026779043213336,0.0249169738532147,0.0011735472843653,0.506078106993516,0.430309180492872,0.513488650690346,0.4479401749070796,0.51208880624202,0.445936463583207,0.4831241005559098,0.4095327034026321,0.2425829699076502,0.1963489051816655,0.2425829699076502,0.1963489051816655,0.9999999769214896,0.9353040154852224,0.2402961509476982,0.2114801121046198,0.2418389673794066,0.1879853230196689,0.2418389673794066,0.1879853230196689,0.9999998931474172,0.9693502068331092,0.240795970768327,0.1945797675262308,0.2412730237408849,0.1883233787353617,0.2412730237408849,0.1883233787353617,0.99999988579282,0.9635179162619848,0.2400298065369304,0.1962392218978085,0.2120377393689427,0.1618863413288893,0.2120377393689427,0.1618863413288893,1.0,0.9751402125185936,0.2112952635519549,0.1664645828261755,3,"2025-07-20,2025-07-22,2025-10-20",2025-07-20,2025-07-22,2025-10-20
20902,alf Per,Supergiant,F5Ib,6193.0,41.0,1.02,0.14,3786.3,0.0,53.4,1.45,7.3,0.3,0.41,,3.13,0.007,Merand et al. 2007,0.15,0.08,2025-07-25,7 And,0.69267,0.06762,HD 13137,0.662104,0.0462708,HD 18991,0.848679,0.0807683,2025-08-27,HD 19845,0.799699,0.0740655,HD 13137,0.6621,0.04627,7 And,0.69267,0.06762,,HD 25056,0.626143,0.0498084,36 Per,0.528791,0.0431623,HD 50384,0.645652,0.0540487,3.347016,0.214687,20902,3786.3,3.2,0.007,0.56,alf Per,ALF_PER,alf_Per,MIRCX+MYSTIC,2,2025-07-25,2025-08-27,MIRCX_L2.2025Jul25.alf_Per.MIRCX_IDL.2025Jul25.AVG15m.oifits,MYSTIC_L2.2025Jul25.alf_Per.MIRCX_IDL.2025Jul26.AVG15m.oifits,0.0106066017177983,1.0365,0.0014142135623732,3.211,0.0021213203435596,1.4318912319027588,2.1765,0.0247487373415291,0.9735,0.0056568542494923,3.145538461538462,0.0033282011773513,0.0042426406871191,3.164,0.0028284271247461,1.0946012972767754,3.2379999999999995,0.0169705627484771,1.026,0.0084852813742385,3.2356000000000003,0.0026832815729997,0.0091923881554251,0.224676674364896,0.0098036143591771,0.0162634559672905,0.120160621761658,0.006046452306289,1.0917728701520295,1.8,0.0226274169979695,1.024,0.0113137084989847,3.2258000000000004,0.0026832815729997,0.0056568542494923,0.3114300812103682,0.0376541220437576,0.0261629509039022,0.2042058823529411,0.0257247877713763,0.0028284271247461,0.7520399169478329,0.0592802158539827,0.0169705627484771,0.579848537932893,0.0576962158347907,0.9121677477306466,1.5830000000000002,0.0197989898732233,1.024,0.0077781745930521,3.205088235294117,0.0025724787771376,0.0106066017177982,0.2974906743185079,0.0127269075205199,0.0212132034355964,0.1445609065155807,0.0072385496176079,1.4898739879600555,2.0405,0.0233345237791561,1.0255,0.0176776695296639,3.2167324840764326,0.0052673734374863,0.0254558441227157,0.1455643564356435,0.0417936941569793,0.0282842712474619,0.0568633897223108,0.0170438685969681,0.1011162697096762,0.2562530330548492,0.0545666839115081,0.1230365799264592,0.1516751285009965,0.0283531928639177,1.0458109293749038,1.7185,0.3209894540361568,0.2745376022059856,0.3030837251103433,0.2566813250334929,0.3054976305657469,0.2580036131372345,0.2965652675386329,0.2464222167597337,0.1412024609675261,0.1162005901358375,0.1317772630724383,0.1079031222028181,0.1329308447920815,0.1084497925201474,0.1218932121498603,0.0971606873505033,0.6001938227691372,0.4877564598016028,0.6396819230304056,0.5330675771239713,0.6244043430732199,0.5208380986273753,0.6304261670977521,0.5057879512899852,0.1412024609675261,0.1162005901358375,0.1317772630724383,0.1079031222028181,0.1329308447920815,0.1084497925201474,0.1218932121498603,0.0971606873505033,0.2817043213739961,0.3039965593910886,0.2353241073728507,0.2407233470672071,0.2460318475165281,0.2504209012512325,0.2243457101959265,0.2357080134056716,-0.0201012018623039,-0.0060772991579933,-0.055079623715823,-0.0496300612218549,-0.04803559477849,-0.0433756899928185,-0.0211166954349615,-0.0111874270646759,0.4026146139138669,0.3312305950399211,0.4160099987382103,0.3557834716452041,0.4106320671785501,0.3500548118132131,0.3745841378100069,0.3037518621606403,0.1453027996712346,0.1261937432122945,0.1453027996712346,0.1261937432122945,0.9996515989776122,0.9161126173596896,0.1431358845070495,0.1392446931625635,0.133277743462319,0.1127132493274079,0.133277743462319,0.1127132493274079,0.997823379163946,0.9484302183832064,0.1323162922547463,0.1196077589072385,0.1361798781280221,0.1149489256565857,0.1361798781280221,0.1149489256565857,0.9999961726492872,0.9463765389812954,0.1348142293888647,0.1223096874887066,0.1331881403823283,0.1128935249170099,0.1331881403823283,0.1128935249170099,0.9999337754995734,0.9304094997976934,0.1314341642130856,0.1224493489729263,2,"2025-07-25,2025-08-27",2025-07-25,2025-08-27,
21552,sig Per,,K3III,4159.0,33.0,1.6,-0.23,368.0,,36.89,,1.32,,,,,,,0.38,0.03,2025-08-27,36 Per,0.528791,0.0431623,HD 25056,0.626143,0.0498084,HD 29122,0.846404,0.0713907,,,,,,,,,,,,,,,,,,,,,3.275167,0.280436,21552,,,,,sig Per,SIG_PER,sig_Per,MIRCX+MYSTIC,1,2025-08-27,2025-08-27,MIRCX_L2.2025Aug27.sig_Per.MIRCX_IDL.2025Aug28.AVG10m.oifits,MYSTIC_L2.2025Aug27.sig_Per.MIRCX_IDL.2025Aug28.AVG10m.oifits,,1.151,,3.132,0.002,,1.833,,1.027,,3.024,0.006,,3.044,0.005,,3.989,,1.124,,3.136,0.005,,0.278,0.015,,0.163,0.007,,0.885,,1.123,,3.123,0.003,,0.245,0.01,,0.359,0.029,,1.008,0.022,,0.486,0.026,,0.726,,1.121,,3.104,0.005,,0.347,0.015,,0.198,0.013,,1.086,,1.13,,3.135,0.003,,0.021,0.04,,0.107,0.013,,0.565,0.061,,0.264,0.02,,0.719,0.4712952423302758,0.3899479059327255,0.4867879874263527,0.3968293693153445,0.4853614300172049,0.3962219586609521,0.5035078516471493,0.3975632761364622,0.2340077747729006,0.180524661732663,0.2433213637244557,0.1841980667986052,0.2423354230741993,0.1838307410670927,0.2458154096058645,0.1762291601003736,0.7601859016835343,0.6483386232931863,0.7543586134521527,0.6655867795063286,0.7562213139793668,0.6649202813261581,0.7477661749471967,0.6689081824480106,0.2340077747729006,0.180524661732663,0.2433213637244557,0.1841980667986052,0.2423354230741993,0.1838307410670927,0.2458154096058645,0.1762291601003736,0.3534689326934086,0.3366958703055212,0.3738986900607844,0.3292436768444198,0.3705855077017848,0.3289751553199476,0.3924005703842181,0.3180330878081964,0.0324827980281832,0.0202821350619043,0.0318309235634889,-0.0049309830464414,0.0280826365581585,-0.0054834475513363,0.0939773737197592,0.032614140714421,0.5179628952695905,0.4363439463260876,0.5284367826936209,0.4666483147661837,0.5311334962464724,0.46658449490962,0.4828842752840915,0.4303176694020445,0.2395019919046675,0.192401433795515,0.2395019919046675,0.192401433795515,0.9999999717875492,0.8826181190653454,0.2352654927855423,0.2213436284411619,0.2508896011308963,0.1938543285179975,0.2508896011308963,0.1938543285179975,0.9999896394913856,0.9195859071049464,0.2479705646117243,0.212951873768989,0.2489942681355374,0.1931507459246848,0.2489942681355374,0.1931507459246848,0.9999148276854264,0.9183171956396694,0.2460614361290619,0.2125052946852274,0.2722028269158324,0.1992839988099441,0.2722028269158324,0.1992839988099441,0.9999999999999998,0.9571317630912108,0.2706077905580995,0.2093029409586854,1,2025-08-27,2025-08-27,,
27371,gam Tau,,G9.5IIIabCN0.5,5124.0,24.0,2.63,0.12,85.0,0.1,11.7,0.14,2.7,,0.43,,,,,0.04,0.02,2025-09-07,HD 31294,0.680709,0.01617,HD 29038,0.67022,0.01605,HD 19903,0.56469,0.01824,,,,,,,,,,,,,,,,,,,,,2.507196,0.208303,27371,85.1,2.358,0.02,0.64,gam Tau,GAM_TAU,gam_Tau,MIRCX+MYSTIC,1,2025-09-07,2025-09-07,MIRCX_L2.2025Sep07.gam_Tau.MIRCX_IDL.2025Sep10_Narsi.AVG10m.oifits,MYSTIC_L2.2025Sep07.gam_Tau.MIRCX_IDL.2025Sep08_Narsi.AVG10m.oifits,,1.04,,2.391,0.002,,2.295,,0.952,,2.315,0.012,,2.321,0.003,,7.021,,1.045,,2.406,0.004,,0.31,0.013,,0.181,0.008,,1.637,,1.05,,2.399,0.004,,0.333,0.016,,0.529,0.081,,0.92,0.027,,0.415,0.038,,2.352,,1.043,,2.379,0.007,,0.373,0.017,,0.211,0.021,,2.114,,1.056,,2.43,0.003,,0.082,0.011,,0.057,0.052,,0.685,0.018,,0.484,0.071,,2.169,0.4152419022745491,0.3482090954814459,0.4071157303691751,0.3356734404771006,0.4063555759925581,0.3357798942052342,0.3945871269552763,0.3216007876475274,0.1964548149809143,0.1556037968897696,0.1906859304283077,0.1486530218690205,0.1901674459506692,0.14865290236843,0.1746261013556282,0.1336224214691321,0.6892514574729963,0.5716284322644605,0.6949545374907536,0.5836902096412269,0.688561700688808,0.5777497155363144,0.6651966270994762,0.5532079243060836,0.1964548149809143,0.1556037968897696,0.1906859304283077,0.1486530218690205,0.1901674459506692,0.14865290236843,0.1746261013556282,0.1336224214691321,0.3376591373620533,0.3435381316049389,0.3204237993730536,0.3114308395596786,0.324091666792428,0.316491146518017,0.3173539593681606,0.3072558327889326,0.0167006526449257,0.0228216559784314,-0.0152256198420019,-0.0161604517958471,-0.0116933251970832,-0.0124175359213958,0.0171951780180393,0.012165499850157,0.4704278143527541,0.3840789426117579,0.4905533330019291,0.4086582799834511,0.4855676163162427,0.4044344914354002,0.4449891963610595,0.3648603424316143,0.2043443980465136,0.1714130714299865,0.2043443980465136,0.1714130714299865,0.9971358760642232,0.8792068559776174,0.2035470581573562,0.2001315576038253,0.1964093892885018,0.1597350260390114,0.1964093892885018,0.1597350260390114,0.986395497559253,0.8989850399483323,0.1981829519288869,0.1811090152400711,0.1970922524839059,0.1609252917139822,0.1970922524839059,0.1609252917139822,0.9722841325937523,0.8850530189916412,0.2018394565871617,0.18534171595287,0.1924481658914952,0.1541440896815144,0.1924481658914952,0.1541440896815144,0.9986300162796874,0.9220714930004716,0.1918623944282871,0.1699655023505631,1,2025-09-07,2025-09-07,,
28305,eps Tau,,K0III,4921.0,40.0,2.47,0.14,79.4,0.1,12.23,0.21,2.458,,0.6,,,,,0.04,0.02,2025-09-07,HD 28424,0.594675,0.0141297,HD 29038,0.670224,0.0160549,HD 19903,0.564693,0.0182438,,,,,,,,,,,,,,,,,,,,,2.727019,0.259529,28305,79.1,2.545,0.04,0.65,eps Tau,EPS_TAU,eps_Tau,MIRCX+MYSTIC,1,2025-09-07,2025-09-07,MIRCX_L2.2025Sep07.eps_Tau.MIRCX_IDL.2025Sep10_Narsi.AVG10m.oifits,MYSTIC_L2.2025Sep07.eps_Tau.MIRCX_IDL.2025Sep08_Narsi.AVG10m.oifits,,1.079,,2.574,0.002,,3.497,,0.971,,2.491,0.005,,2.5,0.002,,9.556,,1.103,,2.605,0.007,,0.348,0.023,,0.217,0.017,,1.902,,1.109,,2.591,0.004,,0.335,0.021,,0.765,0.21,,0.954,0.024,,0.346,0.048,,1.963,,1.094,,2.573,0.006,,0.408,0.028,,0.25,0.017,,2.334,,1.116,,2.62,0.01,,0.0949999999999999,0.024,,0.146,0.044,,0.67,0.061,,0.355,0.098,,1.705,0.4152419022745491,0.3482090954814459,0.4289355519661252,0.3517425977162015,0.4280493749210956,0.3515743319741561,0.3945871269552763,0.3216007876475274,0.1964548149809143,0.1556037968897696,0.2043229625738021,0.1576106100465271,0.2037233090787924,0.157464378446225,0.1746261013556282,0.1336224214691321,0.6892514574729963,0.5716284322644605,0.7046661322790458,0.6007562278993138,0.7002036204742814,0.5954476659161864,0.6651966270994762,0.5532079243060836,0.1964548149809143,0.1556037968897696,0.2043229625738021,0.1576106100465271,0.2037233090787924,0.157464378446225,0.1746261013556282,0.1336224214691321,0.3376591373620533,0.3435381316049389,0.3401981660113097,0.3201016687720533,0.3425135357440408,0.3242798225537721,0.3173539593681606,0.3072558327889326,0.0167006526449257,0.0228216559784314,0.0003560548511397,-0.0101240809362588,0.0027198303265321,-0.0067187454020358,0.0171951780180393,0.012165499850157,0.4704278143527541,0.3840789426117579,0.4977989959164046,0.4203114532053147,0.4940241523614533,0.4161606843583003,0.4449891963610595,0.3648603424316143,0.2033420845948639,0.1706778084851247,0.2033420845948639,0.1706778084851247,0.9999992757467144,0.8705433718839923,0.2005911248327745,0.2004180339038716,0.2100273288519028,0.1684175754249976,0.2100273288519028,0.1684175754249976,1.0,0.902286465158764,0.2079571360580374,0.1896970884270311,0.2104671637919768,0.1694117578593962,0.2104671637919768,0.1694117578593962,0.999999995807044,0.9020367745909076,0.208384579542855,0.1908782152614619,0.1909453825294336,0.1530232680496518,0.1909453825294336,0.1530232680496518,0.9999999999799596,0.9135255166115248,0.1892279539056449,0.1699100444836858,1,2025-09-07,2025-09-07,,
37160,phi02 Ori,,G9IV,4823.0,14.0,2.61,-0.54,29.8,0.1,8.2,0.07,1.07,,6.91,,,,,0.08,0.04,2025-09-07,HD 29038,0.67022,0.01605,HD 19903,0.56469,0.01824,HD 28424,0.59468,0.01413,,,,,,,,,,,,,,,,,,,,,2.15197,0.188365,37160,32.8,2.188,0.01,0.64,phi02 Ori,PHI02_ORI,phi02_Ori,MIRCX+MYSTIC,1,2025-09-07,2025-09-07,MIRCX_L2.2025Sep07.phi02_Ori.MIRCX_IDL.2025Sep10_Narsi.AVG10m.oifits,MYSTIC_L2.2025Sep07.phi02_Ori.MIRCX_IDL.2025Sep08_Narsi.AVG10m.oifits,,0.968,,2.224,0.001,,2.071,,0.9,,2.155,0.015,,2.158,0.003,,8.185,,0.982,,2.256,0.006,,0.333,0.023,,0.225,0.017,,1.553,,0.984,,2.249,0.008,,0.4969999999999999,0.11,,0.315,0.069,,0.703,0.131,,0.741,0.105,,1.657,,0.98,,2.23,0.006,,0.394,0.024,,0.265,0.021,,1.488,,0.984,,2.275,0.011,,0.192,0.058,,-0.018,0.03,,0.519,0.146,,0.674,0.02,,1.355,0.4177892953952439,0.3505906205053949,0.4156470168032622,0.341836355817774,0.4149078394873235,0.3414348373019588,0.3945871269552763,0.3216007876475274,0.1984211671454828,0.1573177117908573,0.1961350047080036,0.1522702726609386,0.1956122364293896,0.1519926907179112,0.1746261013556282,0.1336224214691321,0.7229696404020387,0.5997959692572667,0.7205565879387034,0.6114097569454426,0.7132023548069784,0.6052547293739556,0.6651966270994762,0.5532079243060836,0.1984211671454828,0.1573177117908573,0.1961350047080036,0.1522702726609386,0.1956122364293896,0.1519926907179112,0.1746261013556282,0.1336224214691321,0.316508664615919,0.3220687686480959,0.312931446831218,0.2984704883704442,0.3170051234656387,0.3024970044611159,0.3173539593681606,0.3072558327889326,-0.0031788887149242,0.0044669044338489,-0.0218697856661125,-0.0270595597578338,-0.0169934685075299,-0.0233562137046494,0.0171951780180393,0.012165499850157,0.4968999900075154,0.4085555091042156,0.5081797604000545,0.4284759750906665,0.5016573109446765,0.4237081372091374,0.4449891963610595,0.3648603424316143,0.2004146504019333,0.1676875449881236,0.2004146504019333,0.1676875449881236,0.957150614388776,0.8423464109225124,0.2087551324739266,0.2047809063369069,0.2006953147780084,0.1616024508786604,0.2006953147780084,0.1616024508786604,0.7126478729386885,0.606412549335311,0.2847972338830121,0.2763526682684427,0.2020234517262197,0.1628421710794705,0.2020234517262197,0.1628421710794705,0.6186078755018238,0.5058744544430286,0.3337345103346241,0.3387622885764349,0.1930338913157741,0.1547273657611663,0.1930338913157741,0.1547273657611663,0.9232821666020372,0.8446109489582794,0.2089365968631868,0.1866396603852904,1,2025-09-07,2025-09-07,,
38944,ups Aur,,M0III,3912.0,50.0,1.16,-0.23,1165.0,,74.2,,1.66,,1.98,,,,,,,2025-08-27,HD 29122,0.846404,0.0713907,36 Per,0.528791,0.0431623,HD 50384,0.645652,0.0540487,,,,,,,,,,,,,,,,,,,,,4.364726,0.407209,38944,,,,,ups Aur,UPS_AUR,ups_Aur,MIRCX+MYSTIC,1,2025-08-27,2025-08-27,MIRCX_L2.2025Aug27.ups_Aur.MIRCX_IDL.2025Aug28.AVG10m.oifits,MYSTIC_L2.2025Aug27.ups_Aur.MIRCX_IDL.2025Aug28.AVG10m.oifits,,1.086,,4.309,0.004,,1.786,,0.967,,4.14,0.027,,4.211,0.014,,7.306,,1.069,,4.33,0.009,,0.337,0.011,,0.192,0.016,,1.218,,1.068,,4.314,0.006,,0.3899999999999999,0.1,,0.368,0.063,,0.8469999999999999,0.129,,0.541,0.056,,1.512,,1.065,,4.285,0.006,,0.416,0.011,,0.241,0.014,,1.665,,1.068,,4.304,0.01,,0.273,0.038,,0.177,0.027,,0.26,0.053,,0.127,0.037,,1.509,0.4740481947288061,0.3867153086838579,0.5188323626971422,0.4313933459697742,0.5184910399713425,0.4299212050971343,0.5035078516471493,0.3975632761364622,0.2356637393105026,0.1784004565899532,0.2667452105679805,0.2059363591833196,0.2665140553864322,0.2050300856694465,0.2458154096058645,0.1762291601003736,0.7411288274872497,0.6370787569028115,0.7793321633988242,0.7115356665086545,0.7844228169039843,0.7162341387953678,0.7477661749471967,0.6689081824480106,0.2356637393105026,0.1784004565899532,0.2667452105679805,0.2059363591833196,0.2665140553864322,0.2050300856694465,0.2458154096058645,0.1762291601003736,0.3717991658037347,0.3414955763385971,0.3939621121122405,0.3380563327808411,0.3892081221920429,0.3327672795672897,0.3924005703842181,0.3180330878081964,0.0576813988812134,0.0317968926732727,0.0537743968548154,-0.0008077573633111,0.049103631603332,-0.0042595962923643,0.0939773737197592,0.032614140714421,0.4914686274066857,0.4189365514142963,0.5401690715124039,0.5020055292535365,0.5451977547439665,0.5043049643406257,0.4828842752840915,0.4303176694020445,0.2379212645928546,0.1896079498713252,0.2379212645928546,0.1896079498713252,0.9999999140563386,0.8896929190865766,0.2337364817285124,0.2156432146694143,0.2625145401676518,0.2074514248601918,0.2625145401676518,0.2074514248601918,0.9999999932441967,0.9390231610941504,0.2600227748069884,0.2223345464001401,0.2611948113567949,0.2059223474709568,0.2611948113567949,0.2059223474709568,0.999999996785039,0.9347733346000352,0.2585434356521294,0.221799341249914,0.2603726517021916,0.1930882717393299,0.2603726517021916,0.1930882717393299,0.9999999194866952,0.9481971208444055,0.2583603670946411,0.2046877516727301,1,2025-08-27,2025-08-27,,
48329,eps Gem,,G8Ib,4315.0,53.0,0.76,0.11,7600.0,0.1,136.16,6.37,5.29,,0.08,,,,,0.06,0.06,2025-09-09,HD 59684,0.604064,0.0143436,HD 46277,0.564016,0.0134114,HD 26972,0.50809,0.0113652,,,,,,,,,,,,,,,,,,,,,4.709305,0.355685,48329,5797.6,4.748,0.006,0.73,eps Gem,EPS_GEM,eps_Gem,MIRCX+MYSTIC,1,2025-09-09,2025-09-09,MIRC_L2.2025Sep09.eps_Gem.MIRCX_IDL.2025Sep10_Narsi.AVG10m.oifits,MYSTIC_L2.2025Sep09.eps_Gem.MIRCX_IDL.2025Sep10_Narsi.AVG10m.oifits,,1.084,,4.739999999999999,0.003,,2.041,,0.888,,4.62,0.011,,4.663,0.011,,8.312,,1.09,,4.798,0.008,,0.348,0.018,,0.212,0.011,,1.971,,1.091,,4.767,0.006,,0.3,0.016,,0.746,0.227,,1.015,0.022,,0.353,0.08,,1.811,,1.082,,4.748,0.005,,0.436,0.016,,0.269,0.01,,2.09,,1.092,,4.767,0.007,,-0.018,0.048,,0.245,0.035,,0.63,0.07,,0.079,0.056,,1.491,0.4792796182453679,0.3955144758877463,0.4849175328658418,0.3947768953333025,0.4839270090918954,0.3946021340565165,0.5035078516471493,0.3975632761364622,0.2394753590720935,0.1837472165455094,0.2418858357120447,0.182794316540653,0.2411870566351116,0.182678667790109,0.2458154096058645,0.1762291601003736,0.7499276156315265,0.6405772737837765,0.7385191349169463,0.6473603715865965,0.7381656491049053,0.6464478041680232,0.7477661749471967,0.6689081824480106,0.2394753590720935,0.1837472165455094,0.2418858357120447,0.182794316540653,0.2411870566351116,0.182678667790109,0.2458154096058645,0.1762291601003736,0.3713895698149285,0.3510135703684898,0.3848659811654,0.3411240851787326,0.3838536599926047,0.3416425440980075,0.3924005703842181,0.3180330878081964,0.0510372531489966,0.0333454429419425,0.0429241459846253,0.005808550947613,0.0422381114773151,0.0067186067956315,0.0939773737197592,0.032614140714421,0.5054862447975229,0.4274949878801479,0.5133793526987571,0.4517902813968605,0.513025683905444,0.4505302578328478,0.4828842752840915,0.4303176694020445,0.2362036172793115,0.1874178802474519,0.2362036172793115,0.1874178802474519,0.9999999202844512,0.9226177416145456,0.2337189516225566,0.2050934764770083,0.2392978690058347,0.183991857383428,0.2392978690058347,0.183991857383428,0.9999308221938714,0.9471075222150128,0.2376298569912805,0.1954979458666624,0.238484606179635,0.1840708744652355,0.238484606179635,0.1840708744652355,0.9999441404992152,0.9438607639639692,0.2367115155770924,0.1963371594064513,0.2582375942078453,0.1877988262281066,0.2582375942078453,0.1877988262281066,0.9999254925605824,0.9721371432413192,0.2573381604372261,0.1937974572621068,1,2025-09-09,2025-09-09,,
58207,iot Gem,,G9IIIb,4779.0,31.0,2.4,-0.1,53.7,,9.48,,1.89,,4.16,,,,,0.15,0.03,2025-09-09,HD 59684,0.604064,0.0143436,HD 46277,0.564016,0.0134114,HD 26972,0.50809,0.0113652,,,,,,,,,,,,,,,,,,,,,2.334705,0.234157,58207,,,,,iot Gem,IOT_GEM,iot_Gem,MIRCX+MYSTIC,1,2025-09-09,2025-09-09,MIRC_L2.2025Sep09.iot_Gem.MIRCX_IDL.2025Sep10_Narsi.AVG10m.oifits,MYSTIC_L2.2025Sep09.iot_Gem.MIRCX_IDL.2025Sep10_Narsi.AVG10m.oifits,,1.101,,2.474,0.002,,0.905,,1.018,,2.394,0.013,,2.396,0.002,,4.229,,1.097,,2.48,0.005,,0.272,0.021,,0.159,0.011,,0.594,,1.095,,2.469,0.004,,0.439,0.084,,0.211,0.018,,0.635,0.072,,0.696,0.055,,0.495,,1.093,,2.452,0.005,,0.319,0.019,,0.181,0.015,,0.617,,1.095,,2.49,0.005,,0.146,0.021,,-0.096,0.025,,0.436,0.04,,0.626,0.035,,0.531,0.4319920491194848,0.3601896026695831,0.4313536398824351,0.3536061443212871,0.4306885705886999,0.3536520193220162,0.3945871269552763,0.3216007876475274,0.2073424889442164,0.1626037344288681,0.2059370765466464,0.1587314391213505,0.2054748704990452,0.1587051232174814,0.1746261013556282,0.1336224214691321,0.7141593185279025,0.5943266258849741,0.7135226964651724,0.608846579709103,0.7088816606203182,0.6035196628059402,0.6651966270994762,0.5532079243060836,0.2073424889442164,0.1626037344288681,0.2059370765466464,0.1587314391213505,0.2054748704990452,0.1587051232174814,0.1746261013556282,0.1336224214691321,0.339846728767702,0.3407797275745984,0.3365399428384531,0.3161617098244192,0.3391929951930288,0.3205235777140647,0.3173539593681606,0.3072558327889326,0.0179559665528096,0.0207529271537435,-0.0034654701746292,-0.0140917506909887,-0.0008026295087886,-0.0105887683096845,0.0171951780180393,0.012165499850157,0.4887175156677418,0.4006622906050556,0.5050463657321353,0.4270844628475195,0.5011809666211562,0.4230690013505197,0.4449891963610595,0.3648603424316143,0.2123868809282369,0.1759924227138715,0.2123868809282369,0.1759924227138715,0.9997419444001634,0.8840915261535213,0.2120229527701036,0.2051346963882442,0.2111972078572844,0.1689109771129093,0.2111972078572844,0.1689109771129093,0.9999999998164038,0.919836166627376,0.2109097925766991,0.1874281811091468,0.2117366106353257,0.1699397083185146,0.2117366106353257,0.1699397083185146,0.9943668250119848,0.9140646269430276,0.212674127940893,0.1897637758271244,0.1917738832258657,0.1535570163789749,0.1917738832258657,0.1535570163789749,0.9999999927902165,0.9302233216911736,0.1915386918750289,0.1680714793341716,1,2025-09-09,2025-09-09,,
220369,HD 220369,Giant,K3II,4131.0,100.0,1.24,0.11,60.0,,10.0,,1.5,,2.0,,2.062,0.038,Baines et al. 2010,,,2025-07-25,,,,,,,,,,,,,,,,,,,,,,,,,,,,,,2.607959,0.196923,220369,,,,,HD 220369,HD_220369,HD_220369,MIRCX+MYSTIC,1,2025-07-25,2025-07-25,MIRCX_L2.2025Jul25.HD_220369.MIRCX_IDL.2025Jul25.AVG15m.oifits,MYSTIC_L2.2025Jul25.HD_220369.MIRCX_IDL.2025Jul26.AVG15m.oifits,,0.978,,2.548,0.001,,0.852,,0.927,,2.452,0.014,,2.463,0.002,,1.751,,0.967,,2.548,0.008,,0.296,0.02,,0.17,0.018,,0.78,,0.963,,2.538,0.008,,0.409,0.04,,0.266,0.051,,0.729,0.065,,0.643,0.042,,0.719,,0.967,,2.525,0.007,,0.366,0.026,,0.205,0.022,,0.572,,0.969,,2.562,0.012,,0.132,0.032,,-0.007,0.046,,0.517,0.06,,0.502,0.041,,0.653,0.4792796182453679,0.3955144758877463,0.502345322152846,0.4092540596718196,0.5022084626806806,0.4092543714709199,0.5035078516471493,0.3975632761364622,0.2394753590720935,0.1837472165455094,0.2543749120466252,0.1916764976037524,0.2542971172186247,0.1916910994859125,0.2458154096058645,0.1762291601003736,0.7499276156315265,0.6405772737837765,0.7463124880387201,0.6632134834884922,0.7497909620816291,0.6651000068869254,0.7477661749471967,0.6689081824480106,0.2394753590720935,0.1837472165455094,0.2543749120466252,0.1916764976037524,0.2542971172186247,0.1916910994859125,0.2458154096058645,0.1762291601003736,0.3713895698149285,0.3510135703684898,0.401407198724028,0.3475996948510381,0.3980384632169912,0.3460216047621744,0.3924005703842181,0.3180330878081964,0.0510372531489966,0.0333454429419425,0.0608127470441266,0.0117915657174976,0.0577908103402573,0.0109565154097199,0.0939773737197592,0.032614140714421,0.5054862447975229,0.4274949878801479,0.512844117474948,0.4616563157225358,0.5161951586074507,0.4626265992526208,0.4828842752840915,0.4303176694020445,0.249577908454333,0.2004554899834236,0.249577908454333,0.2004554899834236,0.998676103591866,0.8861889369410164,0.2477580248338054,0.2313703509373509,0.2682924101003796,0.2068549646404373,0.2682924101003796,0.2068549646404373,0.9918232728765298,0.9184003019132736,0.2691505255312159,0.2285063597569033,0.2676251643112159,0.2067596392311486,0.2676251643112159,0.2067596392311486,0.9832919077992756,0.9058064755139424,0.2708412073427897,0.2317873858334338,0.2739746830537992,0.2012653471959119,0.2739746830537992,0.2012653471959119,0.9832807852510522,0.9363286780395144,0.277958344372175,0.2168320606305285,1,2025-07-25,2025-07-25,,
150997,eta Her,Giant,G7IIIFe-1,4994.0,7.0,2.53,-0.22,45.6,0.1,9.01,0.05,2.0,,1.0,,,,,0.12,0.03,2025-06-05,53 Her,0.48101,0.01265,HD 132254,0.53895,0.01345,HD 167472,0.64666,0.0529,,,,,,,,,,,,,,,,,,,,,2.635572,0.267796,150997,45.6,2.453,0.004,0.64,eta Her,ETA_HER,eta_Her,MIRCX+MYSTIC,1,2025-06-05,2025-06-05,MIRCX_L2.2025Jun05.eta_Her.MIRCX_IDL.2025Jun05.AVG10m.oifits,MYSTIC_L2.2025Jun05.eta_Her.MIRCX_IDL.2025Jun05_old.AVG10m.oifits,,1.17,,2.522,0.004,,2.288,,1.078,,2.425,0.01,,2.461,0.002,,3.171,,1.163,,2.535,0.007,,0.285,0.021,,0.149,0.014,,1.215,,1.169,,2.528,0.005,,0.299,0.027,,0.409,0.068,,0.919,0.025,,0.416,0.035,,1.074,,1.16,,2.507,0.006,,0.342,0.022,,0.168,0.019,,1.524,,1.174,,2.549,0.008,,0.041,0.023,,0.071,0.04,,0.662,0.013,,0.338,0.091,,1.035,0.4065753764750724,0.3414884616018929,0.4076263956198993,0.335843858345476,0.4075522083149528,0.3364394191855321,0.3945871269552763,0.3216007876475274,0.1911343553810334,0.1519307553337181,0.1910535119246035,0.1488125389577226,0.1909490906334404,0.1490693034395933,0.1746261013556282,0.1336224214691321,0.6926286049928089,0.5716804606050568,0.7016714082912098,0.5901287468716621,0.6945270869517316,0.583165527101516,0.6651966270994762,0.5532079243060836,0.1911343553810334,0.1519307553337181,0.1910535119246035,0.1488125389577226,0.1909490906334404,0.1490693034395933,0.1746261013556282,0.1336224214691321,0.3242249909710433,0.3331177435089713,0.316330671237303,0.3065368474186817,0.3212585939349361,0.3129592351133494,0.3173539593681606,0.3072558327889326,0.0048960126460264,0.0131193190728452,-0.0184107274708764,-0.0203310587352099,-0.0140626695796062,-0.0157654122445609,0.0171951780180393,0.012165499850157,0.4741319649720501,0.3875984710286635,0.4948460096478724,0.4137004230841515,0.4897095288764829,0.4090891245653172,0.4449891963610595,0.3648603424316143,0.1961640932431642,0.165146396793162,0.1961640932431642,0.165146396793162,0.999688920039714,0.8892594680205723,0.1943354633374482,0.1893580998801654,0.1957479885815826,0.1588940123221332,0.1957479885815826,0.1588940123221332,1.0,0.9193054333632632,0.1943951914110844,0.1752609071126585,0.1969320305842015,0.1604194906904711,0.1969320305842015,0.1604194906904711,0.9981588169314164,0.91743990367207,0.1959424748664266,0.1773054140229851,0.1918073648168257,0.1537509598575202,0.1918073648168257,0.1537509598575202,0.9999999999999984,0.9232212674059768,0.1905387157724015,0.1687470596623405,1,2025-06-05,2025-06-05,,
159181,bet Dra,Supergiant,G2Ib-IIa,5184.0,53.0,1.66,0.06,996.0,,40.0,,6.0,,0.065,,,,,0.07,0.05,2025-06-05,HD 163075,0.7372,0.06546,HD 132254,0.53895,0.01345,53 Her,0.48101,0.01265,2025-07-20,HD 163075,0.737202,0.0654593,HD 173920,0.611423,0.0485437,,,,2026-03-23,HD 173920,0.61142,0.04854,HD 222932,0.65587,0.01743,7 And,0.69267,0.06762,3.152847,0.304631,159181,,,,,bet Dra,BET_DRA,bet_Dra,MIRCX+MYSTIC,3,2025-06-05,2026-03-23,MIRC_L2.2026Mar23.bet_Dra.MIRCX_IDL.nc5_lbd_clean_2026Mar23.AVG15m.oifits,MYSTIC_L2.2026Mar23.bet_Dra.MIRCX_IDL.nc5_lbd_clean_2026Mar24.AVG15m.oifits,0.0363868107973205,1.093,0.0043588989435406,3.363681818181818,0.0012792042981336,0.5540297825929575,2.861,0.0112398102000582,0.9766666666666666,0.0205020324195756,3.2732536552608287,0.003646408839779,0.0030550504633039,3.2852886597938142,0.0030460384954008,0.35845548305659,5.200333333333333,0.0262868788561897,1.063,0.0032145502536642,3.3583393692933328,0.0034687499027935,0.0690217357069495,0.2013397485495495,0.0122997716865787,0.0051316014394468,0.1272753375905922,0.0069529652351738,1.0630965776134047,2.6646666666666667,0.0252388589282479,1.063,0.0032145502536643,3.348991471215352,0.0033246510950851,0.2797397600151493,0.2247926223561684,0.0255556398144781,0.097041228351665,0.2138713775523881,0.0282740441126045,0.2287553278068075,0.9320722939310786,0.0249991681249836,0.2070652071208487,0.5114964442787594,0.0428134025620681,0.8969264183867035,2.228,0.0231804515342849,1.0663333333333334,0.0047258156262525,3.3286324549237167,0.0026814201218058,0.0866967896368333,0.3071203224669693,0.0125698262178162,0.007767453465154,0.1606207602980139,0.0089393259501761,1.1173049419622798,2.0653333333333337,0.0259293913027925,1.0663333333333334,0.0091651513899117,3.351,0.0048989794855663,0.1666773329920218,0.2029336796012756,0.0243648912181872,0.0556267321827674,0.1139551583973159,0.0160247425471215,0.2028496980525236,0.2692022345077163,0.0324752842341496,0.1175343921298499,0.1612658210615883,0.0332236083674419,0.7539343472743498,2.397,0.3942437979853616,0.3321606516227594,0.3947347048537323,0.3267443319333992,0.3944683293930093,0.3270656304685368,0.3730609711810847,0.3000058030068844,0.1833905341287671,0.1465744156054391,0.183166476775187,0.143792222077918,0.1829353283414617,0.1438973745648259,0.1627642098690327,0.1232467965763091,0.6705348339826103,0.5501991912691239,0.6895941726607882,0.5763019489531095,0.6812211571420266,0.5694195204284642,0.7096122745890951,0.5947043661472445,0.1833905341287671,0.1465744156054391,0.183166476775187,0.143792222077918,0.1829353283414617,0.1438973745648259,0.1627642098690327,0.1232467965763091,0.3250211573804437,0.338695994878242,0.3092656600511935,0.3047908077602244,0.3147495507626811,0.3108540704908152,0.2634193200117202,0.2478021183144471,0.0063227967077289,0.0178703483901134,-0.0227438806985045,-0.0204798474650267,-0.0176334802732747,-0.01604555687742,-0.0091090839636635,-0.0092963812504214,0.457891951495549,0.3709801690129048,0.484905188758728,0.4033040587882757,0.4786600150282751,0.398526780277405,0.4506231395541449,0.3647034048951744,0.1870231085146675,0.1583176288042737,0.1870231085146675,0.1583176288042737,0.9999999999999998,0.8909122180576786,0.1836650566619814,0.1807305457496106,0.1839067628012225,0.1504287484228446,0.1839067628012225,0.1504287484228446,0.9999994200273994,0.9208537188011592,0.1815606152928893,0.1653557320000481,0.1852061380434935,0.151945420241707,0.1852061380434935,0.151945420241707,0.9999988806852156,0.921285430124786,0.1828617392271341,0.1669285170204975,0.172288423585162,0.136019176488156,0.172288423585162,0.136019176488156,0.9980656954114252,0.9190499891336724,0.1704392697728276,0.1498584610608355,3,"2025-06-05,2025-07-20,2026-03-23",2025-06-05,2025-07-20,2026-03-23
169414,109 Her,Giant,K2III,4387.0,15.0,2.24,-0.06,46.4,0.1,11.78,0.09,1.05,,6.4,0.4,,,,0.29,0.08,2025-06-05,HD 167472,0.64666,0.0529,53 Her,0.48101,0.01265,HD 132254,0.53895,0.01345,2026-04-04,101 Her,0.429442,0.0317932,HD 189108,0.54255,0.0130298,HD 159332,0.5169,0.0438207,2026-05-01,101 Her,0.42944,0.03179,pi. Ser,0.38107,0.03459,60 Her,0.375825,0.0301301,2.763058,0.280635,169414,46.4,2.956,0.02,0.71,109 Her,109_HER,109_Her,MIRCX+MYSTIC,3,2025-06-05,2026-05-01,MIRC_L2.2026May01.109_Her.MIRCX_IDL.nc5.AVG10m.oifits,MYSTIC_L2.2026May01.109_Her.MIRCX_IDL.lbd_all.AVG10m.oifits,0.0145716619962629,1.0316666666666667,0.0047258156262525,3.0041475409836065,0.0015364425591947,0.2879068136278358,2.109666666666667,0.0230651251893416,0.903,0.028583211855913,2.909738019169329,0.0088176413355298,0.0125033328890074,2.916795350767954,0.0028523947975975,0.9649208948578808,7.544666666666667,0.0221434715736565,1.024333333333333,0.0141067359796658,3.017823529411765,0.0032338083338177,0.0691544165858792,0.2936452710500893,0.0138153760721862,0.0295352896267047,0.1868333907847868,0.0068975030744017,0.272235804649817,1.1303333333333334,0.0193476958145752,1.022333333333333,0.012,3.006341463414634,0.003155843721336,0.2978674201721296,0.4261302282548617,0.0280965799367876,0.1098104427335275,0.199021909332721,0.0154967542193248,0.253468604235975,0.725176503320904,0.0226396354402048,0.1641107349728632,0.7936109064544795,0.0358709068756277,0.335921121693769,1.288,0.0214553800556721,1.0236666666666665,0.0115036226178247,2.9828187633262258,0.0027705425792376,0.0728033881995428,0.3418749833839148,0.0142850140526841,0.0330807093837682,0.2190227014755959,0.0080858054463505,0.3871967630718693,1.5613333333333337,0.0255799400572661,1.0253333333333332,0.0232880512996113,3.019093607305936,0.0062116402733774,0.0737586153159977,0.2385137061223415,0.0227450579818435,0.0936642941573788,-0.0125983656894341,0.0257957161463829,0.2055699394366793,0.2719314305043347,0.0328144806592917,0.1401154286056083,0.493534419651085,0.0607384930345772,0.2658345350025087,1.099,0.4538248812376339,0.3770538972830876,0.4722056050444183,0.385157244469118,0.47115312891017,0.3848755344905628,0.4346508427374976,0.3484951165725129,0.2218938602853007,0.172599673951916,0.2330734848161538,0.1770647115800089,0.2323355099208743,0.1768755834162915,0.1994016630745181,0.1485518495405078,0.736189334600419,0.6205268621268633,0.7370664270937682,0.6419516903592178,0.7347999942772919,0.6396517457506469,0.719896355114963,0.6310989781234476,0.2218938602853007,0.172599673951916,0.2330734848161538,0.1770647115800089,0.2323355099208743,0.1768755834162915,0.1994016630745181,0.1485518495405078,0.3502501488705624,0.3421916929281845,0.3694697166232168,0.3324988522418103,0.3699843038743329,0.3339878319127767,0.3265144038367604,0.283672856320789,0.028080219980471,0.0231851668010346,0.0265986511547554,-0.0021154700119601,0.0272452630814576,-0.0005458721370434,0.0249169738532147,0.0011735472843653,0.5025380215114377,0.4176975258975158,0.5175765468687424,0.4498207947558924,0.5156030381659775,0.4476704869335691,0.4831241005559098,0.4095327034026321,0.2239666142000369,0.1845242371023203,0.2239666142000369,0.1845242371023203,0.9987892955482994,0.8760721771360132,0.2209971316062179,0.2142710784783464,0.236818377954833,0.1864625483940356,0.236818377954833,0.1864625483940356,0.998788532561731,0.912232293324956,0.2348021056044834,0.2068108475678415,0.2366123597046437,0.1869369647416728,0.2366123597046437,0.1869369647416728,0.998855760635974,0.9122059709792676,0.234574066425537,0.2073473162339975,0.2103508738805461,0.1624370737472748,0.2103508738805461,0.1624370737472748,0.9981324066154468,0.9131959147498158,0.2086887245868025,0.1798987923690646,3,"2025-06-05,2026-04-04,2026-05-01",2025-06-05,2026-04-04,2026-05-01
183439,alf Vul,Giant,M0III,3690.0,100.0,1.3,-0.38,415.9,,43.14,,0.97,,11.3,,,,,,,2025-06-04,HD 189671,0.680598,0.0518328,HD 193556,0.642618,0.0558513,HD 212136,0.631381,0.04729,2026-04-04,pi. Ser,0.38107,0.0345901,HD 159332,0.5169,0.0438207,101 Her,0.429442,0.0317932,2026-05-01,HD 138039,0.546245,0.08,HD 187923,0.479691,0.0460641,101 Her,0.42944,0.03179,4.223285,0.420994,183439,,,,,alf Vul,ALF_VUL,alf_Vul,MIRCX+MYSTIC,3,2025-06-04,2026-05-01,MIRC_L2.2026May01.alf_Vul.MIRCX_IDL.nc5.AVG10m.oifits,MYSTIC_L2.2026May01.alf_Vul.MIRCX_IDL.lbd_all.AVG10m.oifits,0.0494873721266344,1.099,0.004582575694956,4.344767266863746,0.0029508196721311,0.6646294707078021,1.7963333333333331,0.0843267454607374,0.926,0.0336501609703924,4.212575158762099,0.0142607829742355,0.0144222051018562,4.262333333333333,0.0033333333333333,5.244780866092818,10.496333333333332,0.0376430604494374,1.0679999999999998,0.0149999999999996,4.361856746252082,0.0039586984888606,0.0090737717258774,0.328066474837302,0.0085774320888236,0.04063249930782,0.1910604073328571,0.0083104510201901,0.6910964717992223,1.360666666666667,0.0409186184191663,1.0703333333333334,0.0177857620959388,4.347542813062483,0.0033674435421038,0.0330050501186308,0.3611323836249434,0.0150918638385243,0.0269505720409295,0.2914609087449706,0.018936582545243,0.0767094083755919,0.9416962286224536,0.01929427344816,0.16777067681809,0.5535899148231793,0.0158485860077728,0.7260640467617164,1.414,0.041198705481281,1.0643333333333331,0.0125033328890073,4.319566137566137,0.0029095718698132,0.0117189305541646,0.4135697029930049,0.0085691167490737,0.0415491676611377,0.2292846623759135,0.0120972117861431,0.779043216601835,1.4693333333333334,0.0357631094844953,1.069,0.0268514431641951,4.337529411764706,0.0050306251641802,0.0514684369298311,0.2054400448970208,0.0245222929936305,0.0440945952848343,0.1464068787086974,0.0134324760348369,0.0631506136153877,0.341947070980149,0.0346867072767841,0.1492782636554967,0.1955728542914171,0.0208491290750759,0.6004267926511386,1.0816666666666668,0.4010390080651023,0.3188079678699987,0.5482162070392225,0.4726807073305734,0.5459553694361949,0.4693678838801777,0.5035078516471493,0.3975632761364622,0.187512004035611,0.1399474406817265,0.2895802479396402,0.2333880455446969,0.2877817925563756,0.2311903889549511,0.2458154096058645,0.1762291601003736,0.6972612355044457,0.6120493413956403,0.8116621597682977,0.7248862582176723,0.8151426521935787,0.7357321212979725,0.7477661749471967,0.6689081824480106,0.187512004035611,0.1399474406817265,0.2895802479396402,0.2333880455446969,0.2877817925563756,0.2311903889549511,0.2458154096058645,0.1762291601003736,0.3137383412655787,0.2706406676596226,0.4038422900421898,0.380558700884949,0.3980461774041352,0.3670108426686047,0.3924005703842181,0.3180330878081964,0.0271569330258532,-0.0023403592434907,0.0639188772320587,0.0270334154226769,0.0592407219171315,0.0166098573436206,0.0939773737197592,0.032614140714421,0.4413207583591542,0.379075205985929,0.5625157696691708,0.517623398544961,0.5653235061591879,0.525882581308781,0.4828842752840915,0.4303176694020445,0.1981555233511254,0.1522119560058995,0.1981555233511254,0.1522119560058995,0.5922661036083577,0.4989462306181928,0.3439376240196755,0.3164782593101868,0.2879427749968151,0.2365698606049621,0.2879427749968151,0.2365698606049621,0.999999995585532,0.9797565017400868,0.2868521352724946,0.241961969083267,0.2856810379525079,0.2328360713987316,0.2856810379525079,0.2328360713987316,0.9999999675085636,0.9800882239694502,0.2846247905577753,0.2380502588631439,0.2673145425080072,0.1957541294317282,0.2673145425080072,0.1957541294317282,0.9999999999971334,0.9710558329130646,0.2659916697406744,0.2021423684340019,3,"2025-06-04,2026-04-04,2026-05-01",2025-06-04,2026-04-04,2026-05-01
210745,zet Cep,Red supergiant,K1.5Ib,4151.0,86.0,0.77,0.07,3600.0,,110.0,,10.1,0.1,,,,,,0.06,0.15,2025-07-20,HD 212136,0.631381,0.04729,HD 222932,0.65587,0.01743,HD 173920,0.61142,0.04854,,,,,,,,,,,,,,,,,,,,,4.415356,0.358419,210745,,,,,zet Cep,ZET_CEP,zet_Cep,MIRCX+MYSTIC,1,2025-07-20,2025-07-20,MIRCX_L2.2025Jul20.zet_Cep.MIRCX_IDL.2025Jul22.AVG15m.oifits,MYSTIC_L2.2025Jul20.zet_Cep.MIRCX_IDL.2025Jul25.AVG15m.oifits,,1.038,,5.231,0.008,,8.218,,0.862,,5.06,0.013,,5.136,0.008,,15.993,,1.024,,5.258,0.011,,0.351,0.032,,0.183,0.025,,4.66,,1.024,,5.237,0.009,,0.327,0.042,,0.353,0.071,,1.018,0.044,,0.542,0.081,,5.868,,1.017,,5.207,0.008,,0.442,0.0309999999999999,,0.238,0.034,,6.158,,1.027,,5.229,0.015,,0.182,0.189,,0.138,0.082,,0.399,0.251,,0.192,0.077,,4.68,0.4792796182453679,0.3955144758877463,0.4929988116775017,0.4013767454874057,0.492406241422512,0.4012099938438689,0.5035078516471493,0.3975632761364622,0.2394753590720935,0.1837472165455094,0.2476515253858244,0.1868426635574609,0.2472302978594162,0.1867349236826671,0.2458154096058645,0.1762291601003736,0.7499276156315265,0.6405772737837765,0.7455823036848294,0.6571932393934066,0.7459366265268661,0.6567043635620514,0.7477661749471967,0.6689081824480106,0.2394753590720935,0.1837472165455094,0.2476515253858244,0.1868426635574609,0.2472302978594162,0.1867349236826671,0.2458154096058645,0.1762291601003736,0.3713895698149285,0.3510135703684898,0.3894357848767226,0.3419399085787079,0.3883326639154425,0.3421133914882354,0.3924005703842181,0.3180330878081964,0.0510372531489966,0.0333454429419425,0.0478640157973017,0.0065827604187209,0.0470372025112513,0.0071429623195847,0.0939773737197592,0.032614140714421,0.5054862447975229,0.4274949878801479,0.5170281293185256,0.4585568149382324,0.5173002047232291,0.4577124539977125,0.4828842752840915,0.4303176694020445,0.2305977513531179,0.1900691969620793,0.2305977513531179,0.1900691969620793,1.0,0.8918900903338743,0.226530011300068,0.2149600147498343,0.2393472707771427,0.1901509080684947,0.2393472707771427,0.1901509080684947,0.9999996751014064,0.917027784605332,0.2362196251978328,0.2086718907062953,0.2389408264620008,0.190330558889919,0.2389408264620008,0.190330558889919,0.999999410309372,0.9153199337793024,0.2357472468948716,0.2092915637762198,0.2525283415096868,0.1900233638340944,0.2525283415096868,0.1900233638340944,1.0,0.9425378327852052,0.250358008666689,0.2024471924027732,1,2025-07-20,2025-07-20,,
214868,11 Lac,Giant,K2.5III,4310.0,19.0,1.93,-0.2,279.0,,29.5,,1.38,,3.1,,2.731,0.024,Baines et al. 2010,0.12,0.02,2025-07-25,7 And,0.69267,0.06762,HD 13137,0.6621,0.04627,HD 19845,0.799699,0.0740655,,,,,,,,,,,,,,,,,,,,,2.391308,0.241354,214868,,,,,11 Lac,11_LAC,11_Lac,MIRCX+MYSTIC,1,2025-07-25,2025-07-25,MIRCX_L2.2025Jul25.11_Lac.MIRCX_IDL.2025Jul25.AVG15m.oifits,MYSTIC_L2.2025Jul25.11_Lac.MIRCX_IDL.2025Jul26.AVG15m.oifits,,0.987,,2.644,0.002,,0.961,,0.928,,2.545,0.007,,2.553,0.002,,2.078,,0.978,,2.642,0.011,,0.274,0.026,,0.172,0.024,,0.687,,0.978,,2.631,0.009,,0.307,0.035,,0.271,0.063,,0.8760000000000001,0.072,,0.61,0.089,,0.836,,0.976,,2.617,0.008,,0.346,0.034,,0.209,0.025,,1.14,,0.983,,2.664,0.01,,0.031,0.042,,-0.04,0.073,,0.689,0.068,,0.585,0.111,,0.802,0.4712952423302758,0.3899479059327255,0.4778758196128647,0.3898176547993256,0.4768573123751193,0.3894460022966141,0.4346508427374976,0.3484951165725129,0.2340077747729006,0.180524661732663,0.2370672893200509,0.1799330350286774,0.2363434872275722,0.1796848740185175,0.1994016630745181,0.1485518495405078,0.7601859016835343,0.6483386232931863,0.7487597686197337,0.6548184801971023,0.7461311547023044,0.651877808742368,0.719896355114963,0.6310989781234476,0.2340077747729006,0.180524661732663,0.2370672893200509,0.1799330350286774,0.2363434872275722,0.1796848740185175,0.1994016630745181,0.1485518495405078,0.3534689326934086,0.3366958703055212,0.3671756457022688,0.3284715303850338,0.36800851546624,0.3302913781938071,0.3265144038367604,0.283672856320789,0.0324827980281832,0.0202821350619043,0.0242490700556898,-0.0060189272814026,0.025181065507316,-0.0042797082349292,0.0249169738532147,0.0011735472843653,0.5179628952695905,0.4363439463260876,0.5268916106289758,0.4597677995941941,0.5246260827391864,0.4573160083294578,0.4831241005559098,0.4095327034026321,0.2395453229393139,0.1930762308633617,0.2395453229393139,0.1930762308633617,0.9999999994607642,0.8729606255144452,0.235928570573811,0.2259387451848717,0.2441706967355232,0.1903950898677775,0.2441706967355232,0.1903950898677775,0.999903752904276,0.906786566528079,0.2415724687081942,0.2131717341198758,0.2439904145748302,0.1907824340409143,0.2439904145748302,0.1907824340409143,0.9998583355344438,0.9077977037832764,0.2414247870309707,0.2133298053457582,0.2151252064364562,0.1649973555388883,0.2151252064364562,0.1649973555388883,0.99999997772756,0.9099085645382904,0.2128055836445087,0.1839311180232649,1,2025-07-25,2025-07-25,,
216228,iot Cep,Giant,K0III,4779.0,25.0,2.61,0.01,57.0,,11.08,,2.15,0.23,1.2,0.6,,,,0.13,0.04,2025-06-04,HD 212136,0.63138,0.04729,HD 2589,0.68502,0.06039,HD 193556,0.64262,0.05585,,,,,,,,,,,,,,,,,,,,,2.67371,0.312784,216228,,,,,iot Cep,IOT_CEP,iot_Cep,MIRCX+MYSTIC,1,2025-06-04,2025-06-04,MIRCX_L2.2025Jun04.iot_Cep.MIRCX_IDL.2025Jun04.AVG10m.oifits,MYSTIC_L2.2025Jun04.iot_Cep.MIRCX_IDL.2025Jun05.AVG10m.oifits,,1.12,,2.855,0.004,,1.09,,1.03,,2.762,0.009,,2.774,0.005,,2.292,,1.101,,2.854,0.008,,0.237,0.021,,0.144,0.016,,0.768,,1.107,,2.848,0.008,,0.262,0.019,,0.362,0.073,,0.888,0.017,,0.442,0.019,,0.522,,1.097,,2.823,0.007,,0.287,0.025,,0.164,0.024,,0.701,,1.108,,2.862,0.008,,0.013,0.035,,0.114,0.027,,0.564,0.059,,0.235,0.014,,0.649,0.4331307974621981,0.3631280894799855,0.4346770214621085,0.3562520019919005,0.433635866752877,0.3558258644833129,0.3945871269552763,0.3216007876475274,0.2080243437292931,0.1642784155258029,0.2080420263316394,0.1601982073857817,0.2073394410821701,0.1599154657425948,0.1746261013556282,0.1336224214691321,0.7099162464965928,0.5954612017414088,0.7119369108057568,0.6082994544119477,0.7077194724652323,0.6037500228104867,0.6651966270994762,0.5532079243060836,0.2080243437292931,0.1642784155258029,0.2080420263316394,0.1601982073857817,0.2073394410821701,0.1599154657425948,0.1746261013556282,0.1336224214691321,0.3445017915519104,0.3441562591146152,0.3418454513048137,0.3202402967569336,0.343770038151524,0.3233746722372387,0.3173539593681606,0.3072558327889326,0.0227801352457517,0.0236519080455919,0.0010974340138641,-0.0107518462127551,0.0032887748027808,-0.0081514222732883,0.0171951780180393,0.012165499850157,0.4843673401480785,0.4007089374573979,0.5036066464856563,0.4262783179573716,0.4998520780512934,0.4227629417476994,0.4449891963610595,0.3648603424316143,0.2166534530012127,0.1800195377390521,0.2166534530012127,0.1800195377390521,0.9999996226621012,0.9032410469947976,0.2153345207790525,0.2033624068814068,0.2156896284274774,0.1719431845381668,0.2156896284274774,0.1719431845381668,0.9997174060087048,0.9297613743920462,0.2148182416413263,0.1875996196417911,0.2160262721253906,0.1726805645634473,0.2160262721253906,0.1726805645634473,1.0,0.9315759047236456,0.2151126370035509,0.187974338111025,0.1934520651442222,0.1545016126362658,0.1934520651442222,0.1545016126362658,1.0,0.9431087870411858,0.1927455939050532,0.1657361465968836,1,2025-06-04,2025-06-04,,
216946,V424 Lac,Red Supergiant,K5Ib,4013.0,36.0,0.32,-0.02,16600.0,,288.0,,6.8,,,,,,,0.15,0.04,2025-07-25,7 And,0.69267,0.06762,HD 13137,0.6621,0.04627,HD 19845,0.799699,0.0740655,,,,,,,,,,,,,,,,,,,,,4.131925,0.367036,216946,,,,,V424 Lac,V424_LAC,V424_Lac,MIRCX+MYSTIC,1,2025-07-25,2025-07-25,MIRCX_L2.2025Jul25.V424_Lac.MIRCX_IDL.2025Jul25.AVG15m.oifits,MYSTIC_L2.2025Jul25.V424_Lac.MIRCX_IDL.2025Jul26.AVG15m.oifits,,0.942,,4.047,0.005,,1.231,,0.853,,3.927,0.015,,3.957,0.006,,4.009,,0.926,,4.062,0.005,,0.33,0.021,,0.18,0.014,,0.823,,0.926,,4.05,0.005,,0.34,0.017,,0.282,0.048,,0.95,0.014,,0.64,0.056,,0.799,,0.922,,4.02,0.005,,0.426,0.02,,0.2209999999999999,0.009,,0.915,,0.932,,4.057,0.011,,0.113,0.069,,0.097,0.036,,0.498,0.103,,0.28,0.072,,0.74,0.4805407861837075,0.3960891959978257,0.5099917917405846,0.4175915563576822,0.5102561590733166,0.4172543435312368,0.5035078516471493,0.3975632761364622,0.2402522091724971,0.1841006065150703,0.2600294283660004,0.1969590054884399,0.260247448275576,0.1967663802755549,0.2458154096058645,0.1762291601003736,0.7440876094515112,0.64429771937281,0.7554685137964152,0.6788861442850511,0.7594822058653699,0.6812327465746133,0.7477661749471967,0.6689081824480106,0.2402522091724971,0.1841006065150703,0.2600294283660004,0.1969590054884399,0.260247448275576,0.1967663802755549,0.2458154096058645,0.1762291601003736,0.3777870425814592,0.348508247804056,0.403424875348628,0.3458469810323452,0.4001280994628893,0.3435023533940136,0.3924005703842181,0.3180330878081964,0.0628819400760142,0.0359029230519614,0.0632933606804928,0.0096182335513169,0.0603276832737656,0.0082949001823997,0.0939773737197592,0.032614140714421,0.4929937296534893,0.4251545888877367,0.5188443093720918,0.4738647406741478,0.5225960319139095,0.4750101310925757,0.4828842752840915,0.4303176694020445,0.2474594539937853,0.1965151506879897,0.2474594539937853,0.1965151506879897,0.999941461515204,0.9023368556062332,0.2436519394311138,0.219756068515129,0.2657909968788819,0.203951843279029,0.2657909968788819,0.203951843279029,0.9999999999467248,0.9371755197723088,0.2632576827012244,0.2188451920685633,0.2652605029859446,0.2035652673628003,0.2652605029859446,0.2035652673628003,0.9999999994009484,0.9325930510556922,0.2625438868215782,0.2195996710374626,0.2650433431603838,0.1938347900242441,0.2650433431603838,0.1938347900242441,0.9999999997869704,0.9544414900474848,0.263272639285792,0.2038684754005046,1,2025-07-25,2025-07-25,,
222404,gam Cep,Subgiant,K1III-IVCN1,4684.0,11.0,3.2,0.15,10.2,0.1,4.86,0.02,1.27,0.05,5.7,0.8,3.302,0.029,Baines et al. 2009,0.07,0.02,2025-06-04,HD 2589,0.68502,0.06039,HD 212136,0.63138,0.04729,HD 193556,0.64262,0.05585,,,,,,,,,,,,,,,,,,,,,3.000335,0.347124,222404,10.2,3.276,0.012,0.7,gam Cep,GAM_CEP,gam_Cep,MIRCX+MYSTIC,1,2025-06-04,2025-06-04,MIRCX_L2.2025Jun04.gam_Cep.MIRCX_IDL.2025Jun04.AVG10m.oifits,MYSTIC_L2.2025Jun04.gam_Cep.MIRCX_IDL.2025Jun05.AVG10m.oifits,,1.157,,3.217,0.004,,1.149,,1.046,,3.076,0.011,,3.128,0.008,,1.87,,1.128,,3.211,0.002,,0.275,0.015,,0.135,0.005,,0.513,,1.132,,3.201,0.003,,0.292,0.015,,0.286,0.028,,0.909,0.023,,0.496,0.03,,0.594,,1.129,,3.181,0.002,,0.348,0.025,,0.168,0.007,,0.717,,1.135,,3.213,0.007,,0.072,0.038,,0.068,0.026,,0.536,0.074,,0.262,0.046,,0.534,0.4376146894014485,0.3642160839362265,0.4487690804522545,0.3670818805170249,0.4476777039334689,0.3666322066051836,0.4548599591146343,0.3706450948719273,0.2109265911088162,0.1648583172023855,0.217180390578647,0.1663696057739822,0.2164393120987809,0.1660824978200396,0.2120717000871302,0.1602432795206178,0.7104272483421613,0.5934489599230286,0.7142034428926628,0.6159026170911245,0.7111858953391722,0.6128581329514687,0.6997847119928442,0.6043248347914387,0.2109265911088162,0.1648583172023855,0.217180390578647,0.1663696057739822,0.2164393120987809,0.1660824978200396,0.2120717000871302,0.1602432795206178,0.3498079472409149,0.3476518871752256,0.3579449095240598,0.3290473188772404,0.3589885043356026,0.330965474445268,0.3692190452924422,0.3349126481913993,0.027930386594,0.0275389351595227,0.0159485379944307,-0.0035491543559615,0.0171179113213251,-0.0017155145514189,0.0568816861253472,0.02895132824578,0.4835807883815172,0.397405026497863,0.5027250105033914,0.4304913297442628,0.5000991297532975,0.4278392435419006,0.4692628755407768,0.4028968743246166,0.2198370268451431,0.1818908836589977,0.2198370268451431,0.1818908836589977,0.9999997628086428,0.8869069008284165,0.2165810768112801,0.2083805434526242,0.2256402069685465,0.179213131283609,0.2256402069685465,0.179213131283609,0.9999997035048054,0.9217764177350446,0.2234113004241637,0.1965122829419719,0.2256398916795879,0.1796533967620704,0.2256398916795879,0.1796533967620704,0.9999989157966752,0.9213389812086544,0.2233959316469043,0.1971017595824649,0.2324497318792906,0.1825400281908961,0.2324497318792906,0.1825400281908961,0.999998188764228,0.9305153780705612,0.2304393654153556,0.1980327395231556,1,2025-06-04,2025-06-04,,
135722,del Boo,,G8IIIFe,4880.0,10.0,2.48,-0.36,,0.1,11.19,0.07,1.5,,3.09,,,,,0.19,0.06,2026-04-04,HD 185999,0.552539,0.0459191,HD 173417,0.433397,0.0113441,53 Her,0.481014,0.0126525,2026-05-01,HD 152306,0.478234,0.08,pi. Ser,0.38107,0.03459,101 Her,0.42944,0.03179,,,,,,,,,,,,,135722,64.0,2.818,0.01,0.65,del Boo,DEL_BOO,del_Boo,MIRCX+MYSTIC,2,2026-04-04,2026-05-01,MIRC_L2.2026May01.del_Boo.MIRCX_IDL.nc5.AVG10m.oifits,MYSTIC_L2.2026May01.del_Boo.MIRCX_IDL.lbd_all.AVG10m.oifits,0.0148492424049174,1.1005,0.0,2.766,0.0008944271909999,0.2644579361637686,1.592,0.0120208152801713,0.9825,0.0028284271247461,2.683383783783784,0.0064698886744255,0.0021213203435594,2.6935,0.0021213203435596,0.0912167747730643,4.2695,0.021920310216783,1.0745,0.0077781745930521,2.7735,0.0035355339059327,0.0261629509039022,0.2098753315649867,0.009064461166193,0.0148492424049174,0.1485022624434389,0.0073994007339594,0.0268700576850888,1.14,0.0247487373415292,1.0745,0.0063639610306788,2.7635,0.0028284271247461,0.1173797256769668,0.2563926714233885,0.0128664686389713,0.1548563850798539,0.2007403812824956,0.0200699297388581,0.2503158005400378,0.8445968885047538,0.0296846709405793,0.2248599564173221,0.5136000000000001,0.031304951684997,0.1428355697996824,0.912,0.0197989898732233,1.071,0.0063639610306788,2.7433823529411763,0.0025724787771376,0.0289913780286484,0.2569756756756756,0.0079540912471235,0.0183847763108502,0.173,0.0083205029433784,0.1230365799264593,1.007,0.0261629509039022,1.0785,0.0007071067811864,2.7772808988764046,0.0042399915200254,0.0381837661840735,0.0683343177790903,0.0161862315974243,0.1329360748630709,0.0634901074053137,0.0175941302715225,0.0629325035256027,0.4329293166789126,0.0361487741445381,0.200111219075793,0.2952964531498147,0.0312912512275881,0.11879393923934,0.8979999999999999,0.4030405844443661,0.3387957500477379,0.412748360914755,0.3395430628482027,0.4124059339354602,0.3397657020284512,0.3945871269552763,0.3216007876475274,0.1889904076664625,0.1504763410289878,0.1942591304783855,0.1509104024114903,0.1939876890608187,0.1509680563198707,0.1746261013556282,0.1336224214691321,0.6945989856958085,0.5724279333685782,0.7096717724634072,0.599700158062164,0.7025916918760883,0.5929629292463151,0.6651966270994762,0.5532079243060836,0.1889904076664625,0.1504763410289878,0.1942591304783855,0.1509104024114903,0.1939876890608187,0.1509680563198707,0.1746261013556282,0.1336224214691321,0.3184812044198498,0.328357512789157,0.3168921156400028,0.3041718074916521,0.3214028311609248,0.3097244654957768,0.3173539593681606,0.3072558327889326,0.0001951784109485,0.0092840063765896,-0.0183162186595065,-0.0224244625711528,-0.0138204280257821,-0.0181090122176033,0.0171951780180393,0.012165499850157,0.4755083265059918,0.388947167936522,0.5006854405956678,0.4204285850481996,0.4950658106096917,0.4156747460242529,0.4449891963610595,0.3648603424316143,0.1905994522908027,0.1616360022079226,0.1905994522908027,0.1616360022079226,0.9999999910034052,0.9001829471343488,0.1884034538281481,0.1824409479461095,0.1959561333809771,0.1593215990847235,0.1959561333809771,0.1593215990847235,0.9999999149378166,0.926303827156046,0.1943387251242068,0.1739903716850935,0.1971432204233477,0.1606926209328669,0.1971432204233477,0.1606926209328669,0.9999996743128076,0.9281419753793232,0.1955587129914774,0.1750868829659014,0.1891385681944802,0.1525455146349428,0.1891385681944802,0.1525455146349428,0.9999997679697552,0.9309675596737496,0.1876630322588405,0.1656298585570778,2,"2026-04-04,2026-05-01",2026-04-04,2026-05-01,
158899,lam Her,,K3.5III,4070.0,,1.89,-0.04,,,,,1.18,,3.98,,,,,,,2026-04-04,pi. Ser,0.38107,0.0345901,HD 185999,0.552539,0.0459191,HD 173417,0.433397,0.0113441,2026-05-01,pi. Ser,0.38107,0.03459,101 Her,0.42944,0.03179,HD 152306,0.478234,0.08,,,,,,,,,,,,,158899,,,,,lam Her,LAM_HER,lam_Her,MIRCX+MYSTIC,2,2026-04-04,2026-05-01,MIRC_L2.2026May01.lam_Her.MIRCX_IDL.nc5.AVG10m.oifits,MYSTIC_L2.2026May01.lam_Her.MIRCX_IDL.lbd_all.AVG10m.oifits,0.0212132034355964,1.072,0.0007071067811864,3.123307692307692,0.0016641005886756,0.2439518395093588,1.7765,0.0247487373415291,0.9155,0.0028284271247461,3.0186777939042093,0.0129529684019108,0.0063639610306791,3.0265,0.0042426406871192,0.0381837661840737,9.255,0.0091923881554252,1.0495,0.0106066017177979,3.128,0.0026832815729997,0.0395979797464466,0.2948,0.0089442719099991,0.0183847763108502,0.1866,0.0069459451369956,0.1682914139223983,1.311,0.0127279220613578,1.0499999999999998,0.0098994949366118,3.1195538461538463,0.0034729725684978,0.0106066017177982,0.4822649976381672,0.0424558165953443,0.0162634559672906,0.2198740831295843,0.0136709944049275,0.0664680374315355,0.6583128739955548,0.0311197533635817,0.0049497474683057,0.8157119266055046,0.0233023997661696,0.3768879143724298,1.1555,0.0120208152801712,1.0465,0.0084852813742385,3.0956,0.0026832815729997,0.0339411254969542,0.3574918918918919,0.0079540912471235,0.0212132034355964,0.224,0.0071554175279993,0.1322289680818844,0.9865,0.0106066017177981,1.0515,0.0176776695296636,3.133,0.0072,0.007778174593052,0.2020011355034065,0.0247274392697415,0.0007071067811865,0.0265958762886597,0.0216140465972773,0.1067731239591686,0.3477492048643592,0.0513867277656241,0.053033008588991,0.4390831600831601,0.0547152903105063,0.3210264786586926,0.992,0.4805407861837075,0.3960891959978257,0.5008404122697336,0.4086042464895586,0.5000711401888155,0.4079059388877242,0.4921493654218234,0.3948925116542274,0.2402522091724971,0.1841006065150703,0.2533403306493197,0.1913567104892764,0.2527962770150836,0.1909274931402489,0.2375923103956618,0.1745564194806971,0.7440876094515112,0.64429771937281,0.7540172737892501,0.6709360552922967,0.7559438972906002,0.670894778112853,0.7287492609883552,0.6543843425861378,0.2402522091724971,0.1841006065150703,0.2533403306493197,0.1913567104892764,0.2527962770150836,0.1909274931402489,0.2375923103956618,0.1745564194806971,0.3777870425814592,0.348508247804056,0.3924345610550415,0.3404056284389802,0.3897284041800127,0.3395137001717922,0.3945494890593425,0.3260317760973966,0.0628819400760142,0.0359029230519614,0.0513396123121813,0.0049568800145165,0.0487602252181351,0.0046600834527535,0.0888066843471978,0.0326848441259183,0.4929937296534893,0.4251545888877367,0.5220992830268543,0.4688400978717992,0.5242017448275288,0.4683737373086544,0.4755881433918721,0.4270851497151121,0.2501268857561949,0.2001109098774224,0.2501268857561949,0.2001109098774224,0.9999999913695564,0.8962576668676266,0.2468741401905673,0.2264270255073311,0.2592446872949971,0.2006622600660586,0.2592446872949971,0.2006622600660586,0.999999988417492,0.9196337218508762,0.2567074104971276,0.2205339518767972,0.2584308382358358,0.2002723241615329,0.2584308382358358,0.2002723241615329,0.9999999758474384,0.9177055340366316,0.2558372711587721,0.2206269533162664,0.2583826953036655,0.1940104309579745,0.2583826953036655,0.1940104309579745,0.9999999088949364,0.9403727764601102,0.2565546579043385,0.2079031431278034,2,"2026-04-04,2026-05-01",2026-04-04,2026-05-01,
141992,rho Ser,,K4.5III,3920.0,,1.68,-0.17,,,,,,,,,,,,,,2026-05-01,HD 115539,0.50089,0.0117894,HD 152306,0.478234,0.08,pi. Ser,0.38107,0.03459,,,,,,,,,,,,,,,,,,,,,,,141992,,,,,rho Ser,RHO_SER,rho_Ser,MIRCX+MYSTIC,1,2026-05-01,2026-05-01,MIRC_L2.2026May01.rho_Ser.MIRCX_IDL.nc5.AVG10m.oifits,MYSTIC_L2.2026May01.rho_Ser.MIRCX_IDL.lbd_all.AVG10m.oifits,,1.19,,3.375,0.002,,3.72,,0.957,,3.272,0.01,,3.272,0.009,,10.611,,1.134,,3.392,0.004,,0.305,0.009,,0.21,0.009,,1.768,,1.135,,3.378,0.002,,0.315,0.029,,0.452,0.07,,0.889,0.049,,0.513,0.059,,1.153,,1.126,,3.353,0.003,,0.373,0.013,,0.247,0.007,,1.576,,1.134,,3.368,0.005,,0.211,0.043,,0.229,0.041,,0.271,0.061,,0.08,0.083,,1.817,0.4740481947288061,0.3867153086838579,0.5191637752228271,0.4306026805117816,0.5192713022710815,0.429320290728457,0.5035078516471493,0.3975632761364622,0.2356637393105026,0.1784004565899532,0.2669577870102233,0.205368185538646,0.2670522048540491,0.2045695362388792,0.2458154096058645,0.1762291601003736,0.7411288274872497,0.6370787569028115,0.7732144028029001,0.7045374499863046,0.7764062092827111,0.7074057334440166,0.7477661749471967,0.6689081824480106,0.2356637393105026,0.1784004565899532,0.2669577870102233,0.205368185538646,0.2670522048540491,0.2045695362388792,0.2458154096058645,0.1762291601003736,0.3717991658037347,0.3414955763385971,0.399720365941456,0.3423781028840909,0.3970545445645894,0.3385656459845147,0.3924005703842181,0.3180330878081964,0.0576813988812134,0.0317968926732727,0.0598737014674469,0.0039036605452277,0.0576365968328609,0.0018351438940709,0.0939773737197592,0.032614140714421,0.4914686274066857,0.4189365514142963,0.5334696118881832,0.4956148073271944,0.5361929221980409,0.4965279003974642,0.4828842752840915,0.4303176694020445,0.2451894793171351,0.1925844129135445,0.2451894793171351,0.1925844129135445,1.0,0.904242021647934,0.2412243221721879,0.2155864084103066,0.2710524343705497,0.2103965212362248,0.2710524343705497,0.2103965212362248,0.9999999755711378,0.9512440361012056,0.2688738250793488,0.2225365076151165,0.2708147480894017,0.2095084804124156,0.2708147480894017,0.2095084804124156,0.9999999958995496,0.9483845433711104,0.2685144832951398,0.222346477749489,0.2670944614724618,0.1953651957663975,0.2670944614724618,0.1953651957663975,0.9999999791617756,0.9692050711160888,0.2658014583404617,0.2023244168466958,1,2026-05-01,2026-05-01,,
163588,ksi Dra,,K2III,4504.0,9.0,2.31,-0.01,,0.1,11.52,0.06,1.45,,,,,,,0.33,0.14,2026-03-23,HD 173920,0.611423,0.0485437,HD 163075,0.737202,0.0654593,,,,,HD 161053,0.54521,0.01392,HD 191195,0.42628,0.03828,HD 152306,0.47823,0.01091,,,,,,,,,,,3.280252,0.28918,163588,49.3,3.114,0.011,0.71,ksi Dra,KSI_DRA,ksi_Dra,MIRCX+MYSTIC,1,2026-03-23,2026-03-23,MIRC_L2.2026Mar23.ksi_Dra.MIRCX_IDL.nc5_lbd_clean_2026Mar23.AVG15m.oifits,MYSTIC_L2.2026Mar23.ksi_Dra.MIRCX_IDL.nc5_lbd_clean_2026Mar24.AVG15m.oifits,,1.106,,3.075,0.001,,1.085,,0.913,,2.986,0.006,,2.999,0.006,,7.177,,1.107,,3.096,0.003,,0.284,0.01,,0.196,0.008,,1.036,,1.107,,3.088,0.003,,0.42,0.057,,0.25,0.021,,0.735,0.065,,0.784,0.069,,0.939,,1.103,,3.062,0.003,,0.345,0.017,,0.2359999999999999,0.007,,0.824,,1.111,,3.1,0.018,,0.188,0.045,,0.075,0.063,,0.346,0.12,,0.39,0.165,,0.831,0.454242249387065,0.380029631687664,0.4640712311094348,0.37890857219467,0.4627334674955322,0.3783674185084734,0.445089025740698,0.3601854326202047,0.2221019398857475,0.1743174930109161,0.2274853254545138,0.173330710976678,0.226563485073164,0.1729959186543414,0.2057364790558392,0.1545037720901127,0.7296700110906472,0.6193161242730254,0.7293333189905619,0.6326709940634289,0.7269393253728853,0.630697504516179,0.6994825566465064,0.6050788307205966,0.2221019398857475,0.1743174930109161,0.2274853254545138,0.173330710976678,0.226563485073164,0.1729959186543414,0.2057364790558392,0.1545037720901127,0.3558156973670509,0.3475814923777086,0.3653529551961678,0.3315629411123938,0.3655896517959067,0.3324396930068182,0.3560500336417507,0.3190093670149431,0.0338970180103666,0.027618436287188,0.0224578499536754,-0.0026400965388289,0.023025177832371,-0.0015363537253725,0.048261696770719,0.0218996501220558,0.496164672426464,0.4159770894889981,0.5129379736083183,0.4431722583979315,0.5107251883951769,0.4412616955241938,0.4679057783405486,0.3988784540312999,0.2282610637661578,0.1879636027072539,0.2282610637661578,0.1879636027072539,1.0,0.8912540156440037,0.2257941036671953,0.2151285228715637,0.233660539387613,0.1836619064954233,0.233660539387613,0.1836619064954233,0.99999866008484,0.9217487621836546,0.2319114165731358,0.2020540428261694,0.2332489358961156,0.1838733781206155,0.2332489358961156,0.1838733781206155,0.999999139622532,0.9217464299608468,0.2315001697258164,0.202287439372941,0.2239798376479648,0.174116169106622,0.2239798376479648,0.174116169106622,0.9999994227101768,0.931972606389592,0.2225351885264471,0.1890907729076455,1,2026-03-23,2026-03-23,,
61421,alf CMi,,F5IV-V+DQZ,6570.0,17.0,4.04,-0.04,,0.1,2.05,0.01,1.478,,1.37,,,,,0.1,0.07,2026-04-04,HD 73599,0.89025,0.05775,38 Com,0.78639,0.06833,5 Com,0.91548,0.08072,,38 Com,0.78639,0.06833,HD 89993,0.868671,0.0738437,HD 100470,0.762522,0.06965,,HD 73599,0.89025,0.05775,alf02 CVn,0.732308,0.0661144,HD 67542,0.491054,0.0412316,5.665395,0.612658,61421,7.0,5.421,0.006,0.51,alf CMi,ALF_CMI,alf_CMi,MIRCX+MYSTIC,1,2026-04-04,2026-04-04,MIRC_L2.2026Apr04.alf_CMi.MIRCX_IDL.Hband.AVG10m.oifits,MYSTIC_L2.2026Apr04.alf_CMi.MIRCX_IDL.2026Apr04_first.AVG10m.oifits,,1.073,,5.463,0.004,,3.534,,0.918,,5.366,0.005,,5.37,0.005,,2.317,,1.023,,5.45,0.004,,0.147,0.009,,0.093,0.005,,1.764,,1.025,,5.431,0.004,,0.197,0.032,,0.245,0.045,,0.747,0.072,,0.401,0.065,,2.542,,1.025,,5.411,0.003,,0.217,0.011,,0.129,0.008,,1.135,,1.022,,5.409,0.005,,0.166,0.039,,0.141,0.019,,0.066,0.045,,-0.027,0.0309999999999999,,2.376,0.2963755971177576,0.2547881697934688,0.289619545169122,0.2460723527016115,0.2919428269117698,0.2471220623731418,0.2834176416020704,0.2364837671665094,0.1282217328856287,0.1064337427551064,0.1246400049706439,0.1024693834820332,0.1257324136674828,0.1029007965428792,0.1150574913488654,0.0922925780333319,0.5893247272226534,0.4692090451774499,0.5969148057384002,0.4799594415415155,0.5847707823884685,0.4723880779774743,0.57829393592387,0.4617497469892669,0.1282217328856287,0.1064337427551064,0.1246400049706439,0.1024693834820332,0.1257324136674828,0.1029007965428792,0.1150574913488654,0.0922925780333319,0.2577367739813981,0.288129295438823,0.2432781286203881,0.2630332294879169,0.2531907673701373,0.2707468208569018,0.237755191105226,0.2533484956074252,-0.0312122301987409,-0.0140163551925758,-0.0538245552865548,-0.041542550430631,-0.0471428580821522,-0.0369759252158465,-0.0147720584675938,-0.0050148146473323,0.3866762297252502,0.3172899292715255,0.3989134567412083,0.334067334093272,0.3938511182595178,0.3299824087631046,0.3516004820609248,0.2847550499618367,0.1169258010814932,0.1063180284633822,0.1169258010814932,0.1063180284633822,1.0,0.90185570185284,0.1145399383090756,0.1186921705708412,0.1112088438167659,0.0989918683569464,0.1112088438167659,0.0989918683569464,0.9999952093835264,0.9137934452107846,0.1091483467452588,0.1089733998322493,0.1138583266905005,0.1007418651515619,0.1138583266905005,0.1007418651515619,1.0,0.9155809510889972,0.1118351824885041,0.1106689628824938,0.1126046033344021,0.099967647647967,0.1126046033344021,0.099967647647967,0.99999999999932,0.8909679372521819,0.1099749882150678,0.1130630280983109,1,2026-04-04,2026-04-04,,
84441,eps Leo,,G1II,5576.0,38.0,2.34,-0.09,,0.0,19.72,0.48,3.71,,0.21,,,,,,,2026-04-04,5 Com,0.91548,0.08072,HD 73599,0.89025,0.05775,38 Com,0.78639,0.06833,,HD 89993,0.86867,0.07384,HD 100470,0.76252,0.06965,,,,,HD 89993,0.868671,0.0738437,38 Com,0.78639,0.06833,HD 100470,0.762522,0.06965,2.656748,0.236472,84441,339.2,2.631,0.02,0.58,eps Leo,EPS_LEO,eps_Leo,MIRCX+MYSTIC,1,2026-04-04,2026-04-04,MIRC_L2.2026Apr04.eps_Leo.MIRCX_IDL.Hband.AVG10m.oifits,MYSTIC_L2.2026Apr04.eps_Leo.MIRCX_IDL.2026Apr04_first.AVG10m.oifits,,1.147,,2.681,0.002,,1.297,,1.044,,2.61,0.004,,2.619,0.002,,2.069,,1.113,,2.679,0.003,,0.175,0.011,,0.11,0.008,,0.847,,1.114,,2.671,0.004,,0.197,0.017,,0.267,0.04,,0.839,0.029,,0.435,0.036,,0.637,,1.107,,2.654,0.005,,0.218,0.019,,0.128,0.016,,0.729,,1.119,,2.683,0.003,,-0.049,0.014,,0.034,0.026,,0.516,0.027,,0.283,0.032,,0.731,0.3670712065885975,0.3107715541332535,0.350368557349368,0.2932046963721252,0.352031606319483,0.2940390151704325,0.3446342008882309,0.2855929565436036,0.1672268248942773,0.1350468244425749,0.1573078096568719,0.1260839195568004,0.1581468190380639,0.1264318440472736,0.1466318450072386,0.1155451142811909,0.6521418685578344,0.5317623866411445,0.6561184267953766,0.5463257000077346,0.6452727568101948,0.5379946979974505,0.6371673513023485,0.5201739931944966,0.1672268248942773,0.1350468244425749,0.1573078096568719,0.1260839195568004,0.1581468190380639,0.1264318440472736,0.1466318450072386,0.1155451142811909,0.3040181836282381,0.3219715737290048,0.2788260635223728,0.2809168527831464,0.2877201812400239,0.2885323412519279,0.2750298005552899,0.2812611565710954,-0.0083621763094436,0.0044243447208877,-0.0366374799330202,-0.032398596867126,-0.0299014465103553,-0.0272124776965667,-0.0085158173577817,-0.0015708164065484,0.4431518759853929,0.3616043441111318,0.4495110451697602,0.3781911985220804,0.443618727838717,0.37313654046605,0.4164051171243975,0.3385996305182043,0.1703020683571849,0.1465442359735034,0.1703020683571849,0.1465442359735034,0.9999999970306788,0.908075565164977,0.1682257378448242,0.1638202677035448,0.1601687393249454,0.1343250640326563,0.1601687393249454,0.1343250640326563,0.9999985973988365,0.9382236597410422,0.1588354071051838,0.1446092317160936,0.1626498665374533,0.1360934131895842,0.1626498665374533,0.1360934131895842,0.999997849202072,0.9369777799526008,0.1612794787415131,0.1467340344828258,0.1569244192662102,0.1313910184826607,0.1569244192662102,0.1313910184826607,0.9987068196399922,0.9114276594693532,0.155257806545817,0.1462437313866116,1,2026-04-04,2026-04-04,,
121370,eta Boo,,G0IV,5901.0,24.0,3.78,0.25,,0.0,2.79,0.04,1.71,,2.7,,,,,0.11,0.03,2026-04-04,pi. Ser,0.38107,0.0345901,HD 159332,0.5169,0.0438207,101 Her,0.429442,0.0317932,,HD 115539,0.50089,0.0117894,101 Her,0.42944,0.03179,pi. Ser,0.38107,0.03459,,,,,,,,,,,,,121370,8.5,2.281,0.007,0.55,eta Boo,ETA_BOO,eta_Boo,MIRCX+MYSTIC,1,2026-04-04,2026-04-04,MIRC_L2.2026Apr04.eta_Boo.MIRCX_IDL.Hband.AVG10m.oifits,MYSTIC_L2.2026Apr04.eta_Boo.MIRCX_IDL.2026Apr04_first.AVG10m.oifits,,1.034,,2.244,0.002,,1.653,,0.974,,2.179,0.007,,2.179,0.002,,3.231,,1.019,,2.234,0.005,,0.169,0.016,,0.117,0.012,,1.233,,1.015,,2.222,0.007,,0.494,0.068,,0.1199999999999999,0.039,,0.381,0.075,,0.7489999999999999,0.054,,1.515,,1.019,,2.213,0.005,,0.212,0.019,,0.132,0.017,,1.676,,1.011,,2.231,0.013,,0.095,0.034,,-0.175,0.052,,0.266,0.118,,0.589,0.033,,1.333,0.335280431732512,0.2866314722261777,0.3448067945769676,0.2908000817539586,0.3464354560139548,0.2913858897174158,0.3194110608807379,0.2651886655038908,0.1491437140516293,0.1224119308588931,0.1541625431369932,0.1247026312160534,0.1549730277896594,0.1249328936002747,0.1330181043828389,0.1054898393006713,0.6244032585413981,0.5060757098100783,0.6431904707677851,0.5261389919619596,0.632882267394498,0.5194833102444607,0.5903055008901521,0.4800401979809074,0.1491437140516293,0.1224119308588931,0.1541625431369932,0.1247026312160534,0.1549730277896594,0.1249328936002747,0.1330181043828389,0.1054898393006713,0.2833699180202464,0.3068635883555064,0.280479207200234,0.2934122434115072,0.289209644849717,0.2999387950226406,0.2751681453198161,0.2839117569316741,-0.0200025934409306,-0.0040602178899504,-0.0401657218394087,-0.0278386445405087,-0.0329884669405795,-0.0232833555236182,-0.0066395900825588,1.9654760390341863e-05,0.4193669261860224,0.3431249800416046,0.4471490903042464,0.3701017892153055,0.4407043477373845,0.3654911986374762,0.384451804952486,0.312665246643377,0.1538659638977898,0.1335218036572727,0.1538659638977898,0.1335218036572727,0.999990110875628,0.9158695675590448,0.1532162285138253,0.1492071612182574,0.157927311030224,0.1336976771899088,0.157927311030224,0.1336976771899088,0.9887238456148252,0.9223166524375972,0.1592264024582294,0.1476110263520992,0.1608748348063396,0.1355188753137039,0.1608748348063396,0.1355188753137039,0.9713934728352636,0.9089434663722444,0.1651774821227804,0.1516331209094255,0.1472265180842911,0.1234910002528385,0.1472265180842911,0.1234910002528385,1.0,0.9220150137533132,0.1466368417855235,0.1369054386277241,1,2026-04-04,2026-04-04,,
188947,eta Cyg,,K0III,4770.0,27.0,2.64,0.02,,0.1,10.69,0.13,0.9,,,,,,,,0.14,2026-04-04,HD 189108,0.54255,0.0130298,53 Her,0.481014,0.0126525,HD 173417,0.433397,0.0113441,,,,,,,,,,,,,,,,,,,,,,,188947,53.4,2.342,0.026,0.68,eta Cyg,ETA_CYG,eta_Cyg,MIRCX+MYSTIC,1,2026-04-04,2026-04-04,MIRC_L2.2026Apr04.eta_Cyg.MIRCX_IDL.Hband.AVG10m.oifits,MYSTIC_L2.2026Apr04.eta_Cyg.MIRCX_IDL.2026Apr04_first.AVG10m.oifits,,0.993,,2.29,0.001,,1.886,,0.912,,2.206,0.007,,2.22,0.001,,4.653,,0.991,,2.304,0.004,,0.265,0.012,,0.184,0.013,,1.417,,0.987,,2.291,0.005,,0.533,0.093,,0.209,0.034,,0.523,0.091,,0.776,0.055,,1.339,,0.992,,2.279,0.004,,0.321,0.012,,0.219,0.017,,0.812,,0.989,,2.306,0.008,,0.154,0.028,,-0.099,0.027,,0.394,0.084,,0.648,0.022,,0.854,0.4331307974621981,0.3631280894799855,0.4346770214621085,0.3562520019919005,0.433635866752877,0.3558258644833129,0.3945871269552763,0.3216007876475274,0.2080243437292931,0.1642784155258029,0.2080420263316394,0.1601982073857817,0.2073394410821701,0.1599154657425948,0.1746261013556282,0.1336224214691321,0.7099162464965928,0.5954612017414088,0.7119369108057568,0.6082994544119477,0.7077194724652323,0.6037500228104867,0.6651966270994762,0.5532079243060836,0.2080243437292931,0.1642784155258029,0.2080420263316394,0.1601982073857817,0.2073394410821701,0.1599154657425948,0.1746261013556282,0.1336224214691321,0.3445017915519104,0.3441562591146152,0.3418454513048137,0.3202402967569336,0.343770038151524,0.3233746722372387,0.3173539593681606,0.3072558327889326,0.0227801352457517,0.0236519080455919,0.0010974340138641,-0.0107518462127551,0.0032887748027808,-0.0081514222732883,0.0171951780180393,0.012165499850157,0.4843673401480785,0.4007089374573979,0.5036066464856563,0.4262783179573716,0.4998520780512934,0.4227629417476994,0.4449891963610595,0.3648603424316143,0.2157963139773468,0.1797028536015678,0.2157963139773468,0.1797028536015678,0.9255341591472656,0.805277536243134,0.2329109009567364,0.2307748441606943,0.2150429107007418,0.1718461949138428,0.2150429107007418,0.1718461949138428,0.9881013382128492,0.8959656632764512,0.217130914723797,0.1964137844301713,0.2153764875660107,0.1725655425145041,0.2153764875660107,0.1725655425145041,0.8889562668427932,0.788004494527135,0.2425758038650306,0.2251567592654055,0.1929161643269234,0.1544485434434685,0.1929161643269234,0.1544485434434685,0.9137398566607068,0.8255178557063508,0.2110967192328066,0.1915069561764933,1,2026-04-04,2026-04-04,,
85503,mu. Leo,,K2IIIb_CN1_Ca1,4433.0,60.0,2.5,0.25,,,,,1.5,,3.35,,,,,0.07,0.02,2026-04-04,38 Com,0.78639,0.06833,5 Com,0.91548,0.08072,HD 73599,0.89025,0.05775,,9 Leo,0.364056,0.0086003,16 Com,0.40085,0.0271813,b Leo,0.446795,0.0353208,,,,,,,,,,,2.815246,0.226756,85503,,,,,mu. Leo,MU_LEO,mu._Leo,MIRCX+MYSTIC,1,2026-04-04,2026-04-04,MIRC_L2.2026Apr04.mu._Leo.MIRCX_IDL.Hband.AVG10m.oifits,MYSTIC_L2.2026Apr04.mu._Leo.MIRCX_IDL.2026Apr04_first.AVG10m.oifits,,1.071,,2.863,0.002,,1.067,,0.918,,2.77,0.006,,2.783,0.004,,4.021,,1.05,,2.871,0.004,,0.282,0.011,,0.178,0.009,,0.752,,1.051,,2.863,0.004,,0.337,0.027,,0.307,0.038,,0.819,0.043,,0.593,0.045,,0.946,,1.047,,2.8420000000000005,0.003,,0.3559999999999999,0.017,,0.214,0.01,,0.812,,1.052,,2.865,0.004,,0.174,0.041,,0.105,0.027,,0.346,0.044,,0.253,0.051,,0.91,0.4615486367746412,0.3823881829136687,0.4788256013074641,0.3899507455813933,0.4777756639607511,0.3898265217510656,0.445089025740698,0.3601854326202047,0.2270179793943865,0.1756595080462892,0.2375424575004738,0.1798175559980976,0.2368120394037671,0.179734411777645,0.2057364790558392,0.1545037720901127,0.7293501354184926,0.6177004912010712,0.7273550360519331,0.6363121812931302,0.72681148767579,0.6355463977513834,0.6994825566465064,0.6050788307205966,0.2270179793943865,0.1756595080462892,0.2375424575004738,0.1798175559980976,0.2368120394037671,0.179734411777645,0.2057364790558392,0.1545037720901127,0.3654088035209052,0.3524857928525675,0.3865302591626233,0.3437824110127674,0.3855925395538533,0.3442627382130221,0.3560500336417507,0.3190093670149431,0.0442104828373177,0.0336354058943815,0.0451864221802138,0.0088167498841824,0.0440548921166339,0.0095545958502117,0.048261696770719,0.0218996501220558,0.4926151965536338,0.4116587801750215,0.5036758680885789,0.4426906169344523,0.5037706357858069,0.4416893108305407,0.4679057783405486,0.3988784540312999,0.2363840758895646,0.1930830346728485,0.2363840758895646,0.1930830346728485,0.9999999987757568,0.8927568715100196,0.2331904764568483,0.2192152309731607,0.2484885524691625,0.1942421540074388,0.2484885524691625,0.1942421540074388,1.0,0.9342497332222206,0.2465143985841808,0.2095704417333769,0.2478760169106421,0.1945325101457694,0.2478760169106421,0.1945325101457694,1.0,0.928292698062242,0.2457197088371557,0.2113930591450341,0.2243346075301731,0.175133070097753,0.2243346075301731,0.175133070097753,0.9999997754983496,0.9374171287831188,0.222613173131722,0.1882251057307156,1,2026-04-04,2026-04-04,,
168723,eta Ser,,K0III-IV,4948.0,15.0,3.18,-0.19,,,,,1.6,,2.69,,,,,0.05,0.02,2026-05-01,10 Ser,0.423635,0.0117146,HD 115539,0.50089,0.0117894,60 Her,0.375825,0.0301301,,,,,,,,,,,,,,,,,,,,,,,168723,,,,,eta Ser,ETA_SER,eta_Ser,MIRCX+MYSTIC,1,2026-05-01,2026-05-01,MIRC_L2.2026May01.eta_Ser.MIRCX_IDL.nc5.AVG10m.oifits,MYSTIC_L2.2026May01.eta_Ser.MIRCX_IDL.lbd_all.AVG10m.oifits,,1.166,,2.992,0.002,,1.95,,1.052,,2.886,0.011,,2.907,0.003,,4.95,,1.138,,2.985,0.005,,0.206,0.012,,0.132,0.01,,0.912,,1.133,,2.977,0.005,,0.292,0.028,,0.221,0.029,,0.718,0.058,,0.602,0.041,,0.925,,1.133,,2.958,0.004,,0.259,0.012,,0.16,0.011,,0.974,,1.137,,2.977,0.006,,0.162,0.025,,0.073,0.038,,0.226,0.053,,0.214,0.066,,1.011,0.4065753764750724,0.3414884616018929,0.4179810569992941,0.3435394897011016,0.4174397368686354,0.343637831179101,0.397249502345304,0.3255834288037235,0.1911343553810334,0.1519307553337181,0.19748998906138,0.1530878801638588,0.197100485661375,0.1530833243575078,0.1761403363490192,0.1356071941479186,0.6926286049928089,0.5716804606050568,0.7085329226268641,0.5993854742775611,0.7023443218225538,0.5933108953492415,0.6590209813181006,0.5485180563908593,0.1911343553810334,0.1519307553337181,0.19748998906138,0.1530878801638588,0.197100485661375,0.1530833243575078,0.1761403363490192,0.1356071941479186,0.3242249909710433,0.3331177435089713,0.3239141428487424,0.3098516749011141,0.3276912884446933,0.3148379084782846,0.325742579042637,0.3176851075145291,0.0048960126460264,0.0131193190728452,-0.013338461324893,-0.0185027507376194,-0.0095626240175801,-0.0145901308742806,0.018378331078111,0.0140575383531692,0.4741319649720501,0.3875984710286635,0.5009815605790642,0.4205153630661113,0.4959671405247411,0.4160850523188339,0.446733370938617,0.367325420199651,0.1943494007115036,0.1635855904279954,0.1943494007115036,0.1635855904279954,0.999999346506237,0.8897557209191045,0.19157405363299,0.1870579842532038,0.2001365903109241,0.1614768795926109,0.2001365903109241,0.1614768795926109,0.999998326792041,0.9163538850437124,0.1980394103947068,0.1784942037062442,0.2010711303782045,0.1626968035870586,0.2010711303782045,0.1626968035870586,0.9999991383165852,0.9157270458508407,0.1989479379730216,0.1799834013504971,0.1898394868083247,0.1533288501015507,0.1898394868083247,0.1533288501015507,0.999997662755918,0.911871817727552,0.1877095337148433,0.1704497273265062,1,2026-05-01,2026-05-01,,
